{
    "type": "Youtube",
    "source_url": "https://youtube.com/watch?v=e6EVWEwAuZo",
    "title": "المُخبر الاقتصادي+ | هل تستطيع أمريكا إجبار روسيا على بيع نفطها بعشرة دولارات فقط للبرميل؟",
    "categories": [
        "Entertainment"
    ],
    "publish_date": "2022-07-12T00:00:00Z",
    "length": "00:16:04",
    "author": "AJ+ كبريت",
    "keywords": [
        "روسيا",
        "الدحيح",
        "AJ+ عربي",
        "Eldahih السليط",
        "معنى و زيادة",
        "السليط الاخباري",
        "نيكولاس خوري",
        "احمد الغندور",
        "AJ+ الدحيح",
        "AJ+ كبريت",
        "UC-4Kn",
        "السليط الاخباري الموسم الرابع",
        "نيكولاس خوري السليط الاخباري",
        "برامج AJ+",
        "برنامج الدحيح الجديد",
        "الدحيح رمضان",
        "elda7ee7",
        "elda7ee7 aj+",
        "AJ+",
        "مع تميم",
        "تميم البرغوثي",
        "AJ+ مع تميم",
        "المخبر الاقتصادي",
        "أشرف إبراهيم",
        "اقتصاد",
        "الجهبذ",
        "بشير نجار"
    ]
}