{
    "type": "Youtube",
    "source_url": "https://youtube.com/watch?v=nup5DDaHEQk",
    "title": "المُخبر الاقتصادي +| ما قصة العبقري الذي جعل سنغافورة دولة غنية جداً؟ وكيف استثمر أموال الشعب؟",
    "categories": [
        "Entertainment"
    ],
    "publish_date": "2022-09-10T00:00:00Z",
    "length": "00:21:45",
    "author": "AJ+ كبريت",
    "keywords": [
        "أشرف ابراهيم",
        "احتياطي",
        "دولار",
        "ذهب",
        "سنغافورة",
        "صندوق ثروة",
        "ماليزيا",
        "الدحيح",
        "AJ+ عربي",
        "Eldahih السليط",
        "معنى و زيادة",
        "السليط الاخباري",
        "نيكولاس خوري",
        "احمد الغندور",
        "AJ+ الدحيح",
        "AJ+ كبريت",
        "UC-4Kn",
        "السليط الاخباري الموسم الرابع",
        "نيكولاس خوري السليط الاخباري",
        "برامج AJ+",
        "برنامج الدحيح الجديد",
        "الدحيح رمضان",
        "elda7ee7",
        "elda7ee7 aj+",
        "AJ+",
        "مع تميم",
        "تميم البرغوثي",
        "AJ+ مع تميم",
        "المخبر الاقتصادي",
        "أشرف إبراهيم",
        "اقتصاد",
        "الجهبذ",
        "بشير نجار"
    ]
}