{
    "type": "Youtube",
    "source_url": "https://youtube.com/watch?v=4vGPlaJKNik",
    "title": "المُخبر الاقتصادي+ | كيف اخترقت روسيا الحصار الأمريكي لحرمانها من إيراداتها النفطية؟",
    "categories": [
        "Entertainment"
    ],
    "publish_date": "2023-10-03T00:00:00Z",
    "length": "00:13:20",
    "author": "AJ+ كبريت",
    "keywords": [
        "روسيا",
        "بريطانيا",
        "عملات",
        "فلوس",
        "الإسترليني",
        "دولار",
        "هتلر",
        "أمريكا",
        "أوروبا",
        "نفط",
        "الدحيح",
        "AJ+ عربي",
        "Eldahih السليط",
        "معنى و زيادة",
        "السليط الاخباري",
        "نيكولاس خوري",
        "احمد الغندور",
        "AJ+ الدحيح",
        "AJ+ كبريت",
        "UC-4Kn",
        "السليط الاخباري الموسم الرابع",
        "نيكولاس خوري السليط الاخباري",
        "برامج AJ+",
        "برنامج الدحيح الجديد",
        "الدحيح رمضان",
        "elda7ee7",
        "elda7ee7 aj+",
        "AJ+",
        "مع تميم",
        "تميم البرغوثي",
        "AJ+ مع تميم",
        "المخبر الاقتصادي",
        "أشرف إبراهيم",
        "اقتصاد",
        "الجهبذ",
        "بشير نجار",
        "ليلى عبدو",
        "الوتر الحساس"
    ]
}