{
    "type": "Youtube",
    "source_url": "https://youtube.com/watch?v=hVVxAvRp-ic",
    "title": "المُخبر الاقتصادي+ | ماذا لو دخلت إسرائيل في حرب مع حزب الله في لبنان؟ هل ستكون حرباً مدمرة؟",
    "categories": [
        "Entertainment"
    ],
    "publish_date": "2024-06-11T00:00:00Z",
    "length": "00:40:04",
    "author": "AJ+ كبريت",
    "keywords": [
        "أمريكا",
        "إسرائيل",
        "إيران",
        "اشرف ابراهيم",
        "البيت الأبيض",
        "المخبر الاقتصادي",
        "المقاومة الإسلامية",
        "جو بايدن",
        "جيش الدفاع الإسرائيلي",
        "حزب الله",
        "حسن نصر الله",
        "حماس",
        "طوفان الأقصى",
        "عباس الموسوي",
        "غزة",
        "فلسطين",
        "لبنان",
        "نتنياهو",
        "الدحيح",
        "AJ+ عربي",
        "Eldahih السليط",
        "معنى و زيادة",
        "السليط الاخباري",
        "نيكولاس خوري",
        "احمد الغندور",
        "AJ+ الدحيح",
        "AJ+ كبريت",
        "UC-4Kn",
        "السليط الاخباري الموسم الرابع",
        "نيكولاس خوري السليط الاخباري",
        "برامج AJ+",
        "برنامج الدحيح الجديد",
        "الدحيح رمضان",
        "elda7ee7",
        "AJ+",
        "مع تميم"
    ]
}