{
    "type": "Youtube",
    "source_url": "https://youtube.com/watch?v=hf1_tA2gR00",
    "title": "المُخبر الاقتصادي+ | كيف تخطط أقوى امرأة في روسيا لاستعادة أموال بلادها المحاصرة في الغرب؟",
    "categories": [
        "Entertainment"
    ],
    "publish_date": "2023-09-02T00:00:00Z",
    "length": "00:14:39",
    "author": "AJ+ كبريت",
    "keywords": [
        "روسيا",
        "وزارة المالية",
        "الدحيح",
        "AJ+ عربي",
        "Eldahih السليط",
        "معنى و زيادة",
        "السليط الاخباري",
        "نيكولاس خوري",
        "احمد الغندور",
        "AJ+ الدحيح",
        "AJ+ كبريت",
        "UC-4Kn",
        "السليط الاخباري الموسم الرابع",
        "نيكولاس خوري السليط الاخباري",
        "برامج AJ+",
        "برنامج الدحيح الجديد",
        "الدحيح رمضان",
        "elda7ee7",
        "elda7ee7 aj+",
        "AJ+",
        "مع تميم",
        "تميم البرغوثي",
        "AJ+ مع تميم",
        "المخبر الاقتصادي",
        "أشرف إبراهيم",
        "اقتصاد",
        "الجهبذ",
        "بشير نجار",
        "ليلى عبدو",
        "الوتر الحساس"
    ]
}