{
    "type": "Youtube",
    "source_url": "https://youtube.com/watch?v=UTISj8Q2iqg",
    "title": "المُخبر الاقتصادي+ | كيف صدرت أمريكا الأمراض للصين؟ ما سر الطعام الأمريكي المنتشر في الصين؟",
    "categories": [
        "Entertainment"
    ],
    "publish_date": "2023-07-15T00:00:00Z",
    "length": "00:16:11",
    "author": "AJ+ كبريت",
    "keywords": [
        "اشرف ابراهيم",
        "الاكل السريع في الصين",
        "السمنة المفرطة",
        "الصين",
        "الكولونيل ساندرز",
        "المخبر الاقتصادي",
        "بيتزا الصينية",
        "كنتاكي الصين",
        "ماكدونالدز الصين",
        "مرض السكري",
        "مطاعم الوجبات السريعة",
        "وجبات سريعة الصين",
        "الدحيح",
        "AJ+ عربي",
        "Eldahih السليط",
        "معنى و زيادة",
        "السليط الاخباري",
        "نيكولاس خوري",
        "احمد الغندور",
        "AJ+ كبريت",
        "UC-4Kn",
        "نيكولاس خوري السليط الاخباري",
        "برامج AJ+",
        "AJ+",
        "مع تميم",
        "تميم البرغوثي",
        "AJ+ مع تميم",
        "أشرف إبراهيم",
        "اقتصاد",
        "الجهبذ",
        "بشير نجار",
        "ليلى عبدو",
        "الوتر الحساس"
    ]
}