{
    "type": "Youtube",
    "source_url": "https://youtube.com/watch?v=l3Y-5JRICtw",
    "title": "المُخبر الاقتصادي+ | لماذا ستدفع بريطانيا مليارات من الإسترليني لطرد طالبي اللجوء القادمين من فرنسا؟",
    "categories": [
        "Entertainment"
    ],
    "publish_date": "2024-05-07T00:00:00Z",
    "length": "00:21:28",
    "author": "AJ+ كبريت",
    "keywords": [
        "أشرف ابراهيم",
        "إيمانويل ماكرون",
        "الاتحاد الأوروبي",
        "البريكسيت",
        "الحكومة البريطانية",
        "المخبر الاقتصادي",
        "الهجرة الغير شرعية",
        "بحر المانش",
        "بريطانيا",
        "تأشيرة",
        "ترحيل المهاجرين",
        "جوازات سفر",
        "رواندا",
        "ريشي سوناك",
        "فرنسا",
        "قوارب مطاطية",
        "مخيمات اللاجئين",
        "منظمة حقوق الإنسان",
        "الدحيح",
        "AJ+ عربي",
        "Eldahih السليط",
        "معنى و زيادة",
        "السليط الاخباري",
        "نيكولاس خوري",
        "احمد الغندور",
        "AJ+ كبريت",
        "UC-4Kn",
        "برامج AJ+",
        "مع تميم",
        "تميم البرغوثي",
        "AJ+ مع تميم",
        "أشرف إبراهيم",
        "اقتصاد",
        "الجهبذ",
        "بشير نجار",
        "ليلى عبدو",
        "الوتر الحساس"
    ]
}