{
    "type": "Youtube",
    "source_url": "https://youtube.com/watch?v=W4azjvo8fMw",
    "title": "المُخبر الاقتصادي+ |  لماذا قد ترتفع الأسعار بسرعة قريباً؟ من يقف وراء اختفاء حاويات الشحن في الصين؟",
    "categories": [
        "Entertainment"
    ],
    "publish_date": "2024-06-29T00:00:00Z",
    "length": "00:18:05",
    "author": "AJ+ كبريت",
    "keywords": [
        "أشرف إبراهيم",
        "إسبانيا",
        "البحر الأحمر",
        "التجارة العالمية",
        "الحاويات",
        "الحمولة",
        "الحوثيين",
        "الدولار",
        "الشحن البحري",
        "الصين",
        "الغاطس",
        "المخبر الاقتصادي",
        "المغرب",
        "الموانئ",
        "الولايات المتحدة الأمريكية",
        "بريطانيا",
        "تكاليف الشحن",
        "جنوب أفريقيا",
        "حوض المتوسط",
        "رأس الرجاء الصالح",
        "سنغافورة",
        "قناة السويس",
        "قناة بنما",
        "مصر",
        "الدحيح",
        "AJ+ عربي",
        "Eldahih السليط",
        "السليط الاخباري",
        "نيكولاس خوري",
        "احمد الغندور",
        "AJ+ الدحيح",
        "AJ+ كبريت",
        "UC-4Kn",
        "برامج AJ+",
        "AJ+",
        "مع تميم",
        "اقتصاد",
        "الجهبذ",
        "بشير نجار",
        "ليلى عبدو",
        "الوتر الحساس"
    ]
}