{
    "type": "Youtube",
    "source_url": "https://youtube.com/watch?v=_AtdFPc_Z6I",
    "title": "المُخبر الاقتصادي+ | كيف أصبح اليورو في خطر بعد الاستيلاء على أموال بنك روسيا المركزي؟",
    "categories": [
        "Entertainment"
    ],
    "publish_date": "2024-07-06T00:00:00Z",
    "length": "00:14:48",
    "author": "AJ+ كبريت",
    "keywords": [
        "أشرف ابراهيم",
        "ألمانيا",
        "الإدارة الأمريكية",
        "الاتحاد الأوروبي",
        "البنك المركزي الروسي",
        "الجنيه الاسترلييني",
        "الدولار",
        "الصين",
        "الكريملين",
        "المخبر الاقتصادي",
        "المفوضية الأوروبية",
        "الولايات المتحدة الأمريكية",
        "الين",
        "اليورو",
        "بريطانيا",
        "بوتين",
        "جورج دبليو بوش",
        "روسيا",
        "فرنسا",
        "موسكو",
        "الدحيح",
        "AJ+ عربي",
        "Eldahih السليط",
        "معنى و زيادة",
        "السليط الاخباري",
        "نيكولاس خوري",
        "احمد الغندور",
        "AJ+ الدحيح",
        "AJ+ كبريت",
        "UC-4Kn",
        "السليط الاخباري الموسم الرابع",
        "نيكولاس خوري السليط الاخباري",
        "برنامج الدحيح الجديد",
        "الدحيح رمضان",
        "elda7ee7"
    ]
}