{
    "type": "Youtube",
    "source_url": "https://youtube.com/watch?v=So09SnlI3Q8",
    "title": "المُخبر الاقتصادي+ | كيف قضت فرنسا على محاولة دولة أفريقية للخروج من هيمنتها؟",
    "categories": [
        "Entertainment"
    ],
    "publish_date": "2023-09-30T00:00:00Z",
    "length": "00:15:18",
    "author": "AJ+ كبريت",
    "keywords": [
        "فرنسا",
        "النيجر",
        "أفريقيا",
        "ثروات",
        "اغتيال",
        "استعمار",
        "بريطانيا",
        "سياسة",
        "حكم",
        "الدحيح",
        "AJ+ عربي",
        "Eldahih السليط",
        "معنى و زيادة",
        "السليط الاخباري",
        "نيكولاس خوري",
        "احمد الغندور",
        "AJ+ الدحيح",
        "AJ+ كبريت",
        "UC-4Kn",
        "السليط الاخباري الموسم الرابع",
        "نيكولاس خوري السليط الاخباري",
        "برامج AJ+",
        "برنامج الدحيح الجديد",
        "الدحيح رمضان",
        "elda7ee7",
        "elda7ee7 aj+",
        "AJ+",
        "مع تميم",
        "تميم البرغوثي",
        "AJ+ مع تميم",
        "المخبر الاقتصادي",
        "أشرف إبراهيم",
        "اقتصاد",
        "الجهبذ",
        "بشير نجار",
        "ليلى عبدو",
        "الوتر الحساس"
    ]
}