{
    "type": "Youtube",
    "source_url": "https://youtube.com/watch?v=ZD3EcmFX084",
    "title": "المُخبر الاقتصادي+ | لماذا سترتفع أسعار تذاكر الطيران قريباً؟ هل تنهار صناعة الطيران؟",
    "categories": [
        "Entertainment"
    ],
    "publish_date": "2022-06-14T00:00:00Z",
    "length": "00:14:23",
    "author": "AJ+ كبريت",
    "keywords": [
        "Airlines",
        "fly",
        "tickets",
        "أسعار التذاكر",
        "الخطوط الجوية",
        "السفر",
        "تذاكر السفر",
        "طيران",
        "عطلة",
        "الدحيح",
        "AJ+ عربي",
        "Eldahih السليط",
        "معنى و زيادة",
        "السليط الاخباري",
        "نيكولاس خوري",
        "احمد الغندور",
        "AJ+ الدحيح",
        "AJ+ كبريت",
        "UC-4Kn",
        "السليط الاخباري الموسم الرابع",
        "نيكولاس خوري السليط الاخباري",
        "برامج AJ+",
        "برنامج الدحيح الجديد",
        "الدحيح رمضان",
        "elda7ee7",
        "elda7ee7 aj+",
        "AJ+",
        "مع تميم",
        "تميم البرغوثي",
        "AJ+ مع تميم",
        "المخبر الاقتصادي",
        "أشرف إبراهيم",
        "اقتصاد",
        "الجهبذ",
        "بشير نجار"
    ]
}