{
    "type": "Youtube",
    "source_url": "https://youtube.com/watch?v=kK5ZvXAXkgY",
    "title": "المُخبر الاقتصادي+ | كيف تضيع ميراث أبيك في 30 ثانية؟ لماذا نحب الفلوس السهلة؟",
    "categories": [
        "Entertainment"
    ],
    "publish_date": "2022-11-12T00:00:00Z",
    "length": "00:13:21",
    "author": "AJ+ كبريت",
    "keywords": [
        "أموال",
        "ادخار",
        "استهلاك",
        "اقتصاد",
        "الإنفاق",
        "المخبر الاقتصادي",
        "سلع",
        "صرف الأموال",
        "كسب المال",
        "ميراث",
        "الدحيح",
        "AJ+ عربي",
        "Eldahih السليط",
        "معنى و زيادة",
        "السليط الاخباري",
        "نيكولاس خوري",
        "احمد الغندور",
        "AJ+ الدحيح",
        "AJ+ كبريت",
        "UC-4Kn",
        "السليط الاخباري الموسم الرابع",
        "نيكولاس خوري السليط الاخباري",
        "برامج AJ+",
        "برنامج الدحيح الجديد",
        "الدحيح رمضان",
        "elda7ee7",
        "elda7ee7 aj+",
        "AJ+",
        "مع تميم",
        "تميم البرغوثي",
        "AJ+ مع تميم",
        "أشرف إبراهيم",
        "الجهبذ",
        "بشير نجار"
    ]
}