{
    "type": "Youtube",
    "source_url": "https://youtube.com/watch?v=2T05-8GMAMk",
    "title": "المُخبر الاقتصادي+ | هل ينقذ غاز الجزائر الفرنسيين من برد الشتاء؟ وماذا لو تخلى الألمان عن فرنسا؟",
    "categories": [
        "Entertainment"
    ],
    "publish_date": "2022-09-13T00:00:00Z",
    "length": "00:15:36",
    "author": "AJ+ كبريت",
    "keywords": [
        "أزمة الطاقة",
        "أشرف ابراهيم",
        "أوروبا",
        "الجزائر",
        "المخبر الاقتصادي",
        "النفط الجزائري",
        "فرنسا",
        "مصادر الطاقة",
        "الدحيح",
        "AJ+ عربي",
        "Eldahih السليط",
        "معنى و زيادة",
        "السليط الاخباري",
        "نيكولاس خوري",
        "احمد الغندور",
        "AJ+ الدحيح",
        "AJ+ كبريت",
        "UC-4Kn",
        "السليط الاخباري الموسم الرابع",
        "نيكولاس خوري السليط الاخباري",
        "برامج AJ+",
        "برنامج الدحيح الجديد",
        "الدحيح رمضان",
        "elda7ee7",
        "elda7ee7 aj+",
        "AJ+",
        "مع تميم",
        "تميم البرغوثي",
        "AJ+ مع تميم",
        "أشرف إبراهيم",
        "اقتصاد",
        "الجهبذ",
        "بشير نجار"
    ]
}