{
    "type": "Youtube",
    "source_url": "https://youtube.com/watch?v=Z4lIR7OzNWo",
    "title": "المُخبر الاقتصادي+ | ماذا لو باع العرب النفط بعملة غير الدولار الأمريكي؟ هل تنهار عملة أمريكا؟",
    "categories": [
        "Entertainment"
    ],
    "publish_date": "2023-02-28T00:00:00Z",
    "length": "00:23:57",
    "author": "AJ+ كبريت",
    "keywords": [
        "المخبر الاقتصادي",
        "الدحيح",
        "AJ+ عربي",
        "Eldahih السليط",
        "معنى و زيادة",
        "السليط الاخباري",
        "نيكولاس خوري",
        "احمد الغندور",
        "AJ+ الدحيح",
        "AJ+ كبريت",
        "UC-4Kn",
        "السليط الاخباري الموسم الرابع",
        "نيكولاس خوري السليط الاخباري",
        "برامج AJ+",
        "برنامج الدحيح الجديد",
        "الدحيح رمضان",
        "elda7ee7",
        "elda7ee7 aj+",
        "AJ+",
        "مع تميم",
        "تميم البرغوثي",
        "AJ+ مع تميم",
        "أشرف إبراهيم",
        "اقتصاد",
        "الجهبذ",
        "بشير نجار",
        "ليلى عبدو",
        "الوتر الحساس",
        "الاقتصاد",
        "النفط",
        "البترول",
        "العرب",
        "الدول العربية"
    ]
}