{
    "type": "Youtube",
    "source_url": "https://youtube.com/watch?v=FIzToKyKVSY",
    "title": "المُخبر الاقتصادي+ | لماذا لا تنسى جنوب أفريقيا ما فعلته إسرائيل بها؟ لماذا جرتها للمحاكمة الدولية؟",
    "categories": [
        "Entertainment"
    ],
    "publish_date": "2024-01-13T00:00:00Z",
    "length": "00:17:23",
    "author": "AJ+ كبريت",
    "keywords": [
        "أشرف إبراهيم",
        "أوكرانيا",
        "إسحاق رابين",
        "اسرائيل",
        "الاتحاد السوفيتي",
        "البرتغال",
        "الجيش الإسرائيلي",
        "المخبر الاقتصادي",
        "باراك أوباما",
        "بنيامين نتنياهو",
        "بيتر ويليم بوتا",
        "جنوب أفريقيا",
        "جورج بوش الأب",
        "جولدا مائير",
        "جوهانسبرج",
        "حرب أكتوبر 1973",
        "روسيا",
        "سيريل رامافوزا",
        "شمعون بريز",
        "صواريخ أريحا الإسرائيلية",
        "غزة",
        "فريديريك ويليم دي كليرك",
        "فلسطين",
        "محكمة العدل الدولية",
        "موزمبيق",
        "نيلسون مانديلا",
        "ياسر عرفات"
    ]
}