{
    "type": "Youtube",
    "source_url": "https://youtube.com/watch?v=EebTbpR-RWA",
    "title": "المُخبر الاقتصادي+ | لماذا فتحت أمريكا لإسرائيل مخبأ السلاح الذي بنته لأجل العرب؟",
    "categories": [
        "Entertainment"
    ],
    "publish_date": "2023-12-30T00:00:00Z",
    "length": "00:22:09",
    "author": "AJ+ كبريت",
    "keywords": [
        "آرييل شارون",
        "إسحاق رابين",
        "اسرائيل",
        "اشرف ابراهيم",
        "الدعم الامريكي لاسرائيل",
        "السعودية",
        "المخبر الاقتصادي",
        "المقاومة",
        "جو بايدن",
        "جورج بوش الأب",
        "جورج دبليو بوش",
        "جيش الدفاع الاسرائيلي",
        "حرب أكتوبر 1973",
        "حرب لبنان",
        "طوفان الأقصى",
        "غزة",
        "مجلس النواب الأمريكي",
        "مستودعات الذخيرة الأمريكية",
        "مناحم بيجين",
        "نتنياهو"
    ]
}