{
    "type": "Youtube",
    "source_url": "https://youtube.com/watch?v=H_X3URFPVuw",
    "title": "المُُخبر الاقتصادي+| هل تستطيع أوروبا العيش من دون نفط روسيا؟ وماذا لو انتقم بوتين؟",
    "categories": [
        "Entertainment"
    ],
    "publish_date": "2022-06-07T00:00:00Z",
    "length": "00:12:28",
    "author": "AJ+ كبريت",
    "keywords": [
        "روسيا",
        "بوتين",
        "أوروبا",
        "نفظ",
        "غاز",
        "دول النفط",
        "الغاز الطبيعي",
        "اقتصاد",
        "ثورة",
        "الحرب العالمية الثالثة",
        "حرب روسيا وأوكرانيا",
        "أوكرانيا",
        "قصة",
        "برنامج اقتصاد",
        "خبير اقتصاد",
        "المخبر",
        "مصر",
        "عرب"
    ]
}