{
    "type": "Youtube",
    "source_url": "https://youtube.com/watch?v=Fbq3Auu1LjI",
    "title": "المُخبر الاقتصادي+ | لماذا فشلت بريطانيا في تقليد الكويت والنرويج وأصبحت من أفقر دول أوروبا؟",
    "categories": [
        "Entertainment"
    ],
    "publish_date": "2023-05-02T00:00:00Z",
    "length": "00:26:09",
    "author": "AJ+ كبريت",
    "keywords": [
        "اشرف ابراهيم",
        "الكويت",
        "المخبر الاقتصادي",
        "النرويج",
        "ثروة بريطانيا",
        "ليز تراس",
        "مارغريت ثاتشر",
        "نفط وغاز",
        "الدحيح",
        "AJ+ عربي",
        "Eldahih السليط",
        "معنى و زيادة",
        "السليط الاخباري",
        "نيكولاس خوري",
        "احمد الغندور",
        "AJ+ الدحيح",
        "AJ+ كبريت",
        "UC-4Kn",
        "السليط الاخباري الموسم الرابع",
        "نيكولاس خوري السليط الاخباري",
        "برامج AJ+",
        "برنامج الدحيح الجديد",
        "الدحيح رمضان",
        "elda7ee7",
        "elda7ee7 aj+",
        "AJ+",
        "مع تميم",
        "تميم البرغوثي",
        "AJ+ مع تميم",
        "أشرف إبراهيم",
        "اقتصاد",
        "الجهبذ",
        "بشير نجار",
        "ليلى عبدو",
        "الوتر الحساس"
    ]
}