{
    "type": "Youtube",
    "source_url": "https://youtube.com/watch?v=Pjw5SJsdf50",
    "title": "المُخبر الاقتصادي+ | كيف تسببت العملة الملعونة \"لونا\" في خسارة الملايين لأموالهم؟",
    "categories": [
        "Entertainment"
    ],
    "publish_date": "2022-05-17T00:00:00Z",
    "length": "00:15:33",
    "author": "AJ+ كبريت",
    "keywords": [
        "بيتكوين",
        "الدحيح",
        "AJ+ عربي",
        "Eldahih السليط",
        "نيكولاس خوري",
        "احمد الغندور",
        "AJ+ الدحيح",
        "AJ+ كبريت",
        "UC-4Kn",
        "السليط الاخباري الموسم الرابع",
        "نيكولاس خوري السليط الاخباري",
        "elda7ee7",
        "elda7ee7 aj+",
        "AJ+",
        "مع تميم",
        "تميم البرغوثي",
        "AJ+ مع تميم",
        "المخبر الاقتصادي",
        "أشرف إبراهيم",
        "اقتصاد",
        "الجهبذ",
        "بشير نجار",
        "العملة لونا",
        "عملة لونا",
        "luna crypto",
        "luna coin",
        "خسارة عملة لونا",
        "انهيار العملات الرقمية",
        "انهيار البتكوين",
        "انهيار النظام المالي العالمي",
        "عملة luna",
        "عملة لونا الرقمية"
    ]
}