{
    "type": "Youtube",
    "source_url": "https://youtube.com/watch?v=YdNp0Oj4NdE",
    "title": "المُخبر الاقتصادي+ | لماذا ترسل أفريقيا نصف احتياطياتها النقدية لفرنسا يومياً؟ وكيف تسرقها باريس؟",
    "categories": [
        "Entertainment"
    ],
    "publish_date": "2022-04-09T00:00:00Z",
    "length": "00:20:35",
    "author": "AJ+ كبريت",
    "keywords": [
        "المخبر الاقتصادي"
    ]
}