{
    "type": "Youtube",
    "source_url": "https://youtube.com/watch?v=y7HgUfnsz3k",
    "title": "المُخبر الاقتصادي+ | كيف حاولت فرنسا اغتيال اقتصاد أغنى دولة في العالم بخام البوكسيت؟",
    "categories": [
        "Entertainment"
    ],
    "publish_date": "2022-04-30T00:00:00Z",
    "length": "00:16:38",
    "author": "AJ+ كبريت",
    "keywords": [
        "Franc",
        "persil",
        "الدحيح",
        "AJ+ عربي",
        "Eldahih السليط",
        "معنى و زيادة",
        "السليط الاخباري",
        "نيكولاس خوري",
        "احمد الغندور",
        "AJ+ الدحيح",
        "AJ+ كبريت",
        "UC-4Kn",
        "السليط الاخباري الموسم الرابع",
        "نيكولاس خوري السليط الاخباري",
        "برامج AJ+",
        "برنامج الدحيح الجديد",
        "الدحيح رمضان",
        "elda7ee7",
        "elda7ee7 aj+",
        "AJ+",
        "مع تميم",
        "تميم البرغوثي",
        "AJ+ مع تميم",
        "المخبر الاقتصادي",
        "أشرف إبراهيم",
        "اقتصاد",
        "الجهبذ",
        "بشير نجار",
        "غينيا",
        "فرنسا",
        "إقتصاد",
        "قتل",
        "إغتيال",
        "عملة",
        "فرانك",
        "شركة",
        "ثروة",
        "إستعمار",
        "احتلال",
        "أفريقيا",
        "استقلال"
    ]
}