{
    "type": "Youtube",
    "source_url": "https://youtube.com/watch?v=sCrsOuGJD2o",
    "title": "المُخبر الاقتصادي+ | لماذا تريد بريطانيا العودة للاتحاد الأوروبي؟",
    "categories": [
        "Entertainment"
    ],
    "publish_date": "2023-09-05T00:00:00Z",
    "length": "00:15:02",
    "author": "AJ+ كبريت",
    "keywords": [
        "أوروبا",
        "استفتاء بريطانيا",
        "اشرف ابراهيم",
        "الاتحاد الاوروبي",
        "الاسترليني",
        "الحرب الروسية الأوكرانية",
        "المجموعة الاقتصادية الأوروبية",
        "المخبر الاقتصادي",
        "المملكة المتحدة",
        "انسحاب بريطانيا",
        "بريطانيا",
        "بريكست",
        "ديفيد كاميرون",
        "ريشي سوناك",
        "شارل ديجول",
        "كورونا",
        "هارولد ويلسون",
        "AJ+ عربي",
        "Eldahih السليط",
        "السليط الاخباري",
        "نيكولاس خوري",
        "AJ+ كبريت",
        "UC-4Kn",
        "نيكولاس خوري السليط الاخباري",
        "برامج AJ+",
        "مع تميم",
        "تميم البرغوثي",
        "AJ+ مع تميم",
        "أشرف إبراهيم",
        "اقتصاد",
        "الجهبذ",
        "بشير نجار",
        "ليلى عبدو",
        "الوتر الحساس"
    ]
}