{
    "type": "Youtube",
    "source_url": "https://youtube.com/watch?v=FwEAF5cre2c",
    "title": "المُخبر الاقتصادي+ | لماذا تمتلك الصين أكبر احتياطي من الدولار في العالم؟",
    "categories": [
        "Entertainment"
    ],
    "publish_date": "2023-05-09T00:00:00Z",
    "length": "00:18:43",
    "author": "AJ+ كبريت",
    "keywords": [
        "احتياطيات الصين من النقد الأجنبي",
        "اشرف ابراهيم",
        "البنك المركزي الصيني",
        "البيزو المكسيكي",
        "الصيني",
        "المخبر الاقتصادي",
        "المكسيك",
        "اليوان والدولار",
        "بنك الشعب الصيني"
    ]
}