{
    "type": "Youtube",
    "source_url": "https://youtube.com/watch?v=PqD_11pqT_8",
    "title": "المُخبر الاقتصادي+ | لماذا هربت إسرائيل من قطاع غزة؟ هل يتعلم نتنياهو الدرس من شارون؟",
    "categories": [
        "Entertainment"
    ],
    "publish_date": "2024-01-06T00:00:00Z",
    "length": "00:16:11",
    "author": "AJ+ كبريت",
    "keywords": [
        "إسحاق رابين",
        "إسرائيل",
        "اتفاق غزة أريحا",
        "اتفاقية السلام بين مصر واسرائيل",
        "الانتفاضة الفلسطينية الأولى",
        "الانتفاضة الفلسطينية الثانية",
        "الشاباك",
        "الضفة الغربية",
        "اليهود",
        "انسحاب إسرائيل من غزة ٢٠٠٥",
        "حرب 1967",
        "حماس",
        "خطة فك الارتباط",
        "ديفيد بن جوريون",
        "شارون",
        "شاطئ قطاع غزة",
        "غزة",
        "مستوطنات غزة",
        "مقاومة",
        "مناحم بيجين",
        "نتنياهو",
        "ياسر عرفات"
    ]
}