{
    "type": "Youtube",
    "source_url": "https://youtube.com/watch?v=qmIsQGtFVUw",
    "title": "المُخبر الاقتصادي+ | هل يدفع بوتين تريليون دولار لإعادة إعمار أوكرانيا المدمرة؟",
    "categories": [
        "Entertainment"
    ],
    "publish_date": "2023-02-07T00:00:00Z",
    "length": "00:16:44",
    "author": "AJ+ كبريت",
    "keywords": [
        "أوكرانيا",
        "روسيا",
        "الدحيح",
        "AJ+ عربي",
        "Eldahih السليط",
        "معنى و زيادة",
        "السليط الاخباري",
        "نيكولاس خوري",
        "احمد الغندور",
        "AJ+ الدحيح",
        "AJ+ كبريت",
        "UC-4Kn",
        "السليط الاخباري الموسم الرابع",
        "نيكولاس خوري السليط الاخباري",
        "برامج AJ+",
        "برنامج الدحيح الجديد",
        "الدحيح رمضان",
        "elda7ee7",
        "elda7ee7 aj+",
        "AJ+",
        "مع تميم",
        "تميم البرغوثي",
        "AJ+ مع تميم",
        "المخبر الاقتصادي",
        "أشرف إبراهيم",
        "اقتصاد",
        "الجهبذ",
        "بشير نجار",
        "ليلى عبدو",
        "الوتر الحساس",
        "أمريكا",
        "أوروبا",
        "مساعدة",
        "إعمار",
        "بوتين",
        "دمار"
    ]
}