{
    "type": "Youtube",
    "source_url": "https://youtube.com/watch?v=2UC7uRG_1BY",
    "title": "المُخبر الاقتصادي+ | لماذا تنقل آبل مصانع الآيفون من الصين إلى الهند بسرعة؟",
    "categories": [
        "Entertainment"
    ],
    "publish_date": "2022-10-29T00:00:00Z",
    "length": "00:14:47",
    "author": "AJ+ كبريت",
    "keywords": [
        "آبل",
        "آيفون",
        "آيفون14",
        "الصين",
        "الهند",
        "تايوان",
        "تيم كوك",
        "صنع في الهند",
        "صنع في تايوان",
        "منتجات شركة آبل",
        "الدحيح",
        "AJ+ عربي",
        "Eldahih السليط",
        "معنى و زيادة",
        "السليط الاخباري",
        "نيكولاس خوري",
        "احمد الغندور",
        "AJ+ الدحيح",
        "AJ+ كبريت",
        "UC-4Kn",
        "السليط الاخباري الموسم الرابع",
        "نيكولاس خوري السليط الاخباري",
        "برامج AJ+",
        "برنامج الدحيح الجديد",
        "الدحيح رمضان",
        "elda7ee7",
        "elda7ee7 aj+",
        "AJ+",
        "مع تميم",
        "تميم البرغوثي",
        "AJ+ مع تميم",
        "المخبر الاقتصادي",
        "أشرف إبراهيم",
        "اقتصاد",
        "الجهبذ",
        "بشير نجار"
    ]
}