{
    "type": "Youtube",
    "source_url": "https://youtube.com/watch?v=R507oySNYng",
    "title": "المخبر الاقتصادي+| ماذا وراء الشركة التي صنعت أشهر دواء في العالم؟ كيف أصبحت الشركة أغنى من الدولة؟",
    "categories": [
        "Entertainment"
    ],
    "publish_date": "2024-03-16T00:00:00Z",
    "length": "00:14:06",
    "author": "AJ+ كبريت",
    "keywords": [
        "إدارة الغذاء والدواء الأمريكي",
        "اشرف ابراهيم",
        "الإنسولين",
        "الاتحاد الأوروبي",
        "البنك المركزي الأوروبي",
        "البنك المركزي الدانماركي",
        "الدانمارك",
        "الدنمارك",
        "السمنة المفرطة",
        "الكرونة الدانماركية",
        "المخبر الاقتصادي",
        "اليورو",
        "زيادة الوزن في الولايات المتحدة",
        "قطاع الأدوية الدنماركي",
        "نوفو نورديسك",
        "الدحيح",
        "AJ+ عربي",
        "Eldahih السليط",
        "السليط الاخباري",
        "نيكولاس خوري",
        "AJ+ كبريت",
        "UC-4Kn",
        "برامج AJ+",
        "AJ+",
        "مع تميم",
        "تميم البرغوثي",
        "AJ+ مع تميم",
        "أشرف إبراهيم",
        "اقتصاد",
        "الجهبذ",
        "بشير نجار",
        "ليلى عبدو",
        "الوتر الحساس"
    ]
}