{
    "type": "Youtube",
    "source_url": "https://youtube.com/watch?v=s4M7mwFDz-8",
    "title": "المُخبر الاقتصادي+ | كيف تخدعك إعلانات شهر رمضان؟ ومن يخسر بسببها؟",
    "categories": [
        "Entertainment"
    ],
    "publish_date": "2022-04-05T00:00:00Z",
    "length": "00:13:40",
    "author": "AJ+ كبريت",
    "keywords": [
        "تلفزيون",
        "الدحيح",
        "AJ+ عربي",
        "Eldahih السليط",
        "معنى و زيادة",
        "السليط الاخباري",
        "نيكولاس خوري",
        "احمد الغندور",
        "AJ+ الدحيح",
        "AJ+ كبريت",
        "UC-4Kn",
        "السليط الاخباري الموسم الرابع",
        "نيكولاس خوري السليط الاخباري",
        "برامج AJ+",
        "برنامج الدحيح الجديد",
        "الدحيح رمضان",
        "elda7ee7",
        "elda7ee7 aj+",
        "AJ+",
        "مع تميم",
        "تميم البرغوثي",
        "AJ+ مع تميم",
        "المخبر الاقتصادي",
        "أشرف إبراهيم",
        "اقتصاد",
        "الجهبذ",
        "بشير نجار",
        "إعلانات",
        "مسلسلات",
        "قنوات",
        "فلوس",
        "تجارة",
        "شركات",
        "دعاية",
        "اشتراك"
    ]
}