{
    "type": "Youtube",
    "source_url": "https://youtube.com/watch?v=8hvndEnzsXI",
    "title": "!المُخبر الاقتصادي+ |  لماذا يجب أن نخاف من تطبيق ثريدز ومن صاحبه مارك زوكربرغ؟",
    "categories": [
        "Entertainment"
    ],
    "publish_date": "2023-07-11T00:00:00Z",
    "length": "00:19:59",
    "author": "AJ+ كبريت",
    "keywords": [
        "ثريدز",
        "الدحيح",
        "AJ+ عربي",
        "Eldahih السليط",
        "معنى و زيادة",
        "السليط الاخباري",
        "نيكولاس خوري",
        "احمد الغندور",
        "AJ+ الدحيح",
        "AJ+ كبريت",
        "UC-4Kn",
        "السليط الاخباري الموسم الرابع",
        "نيكولاس خوري السليط الاخباري",
        "برامج AJ+",
        "برنامج الدحيح الجديد",
        "الدحيح رمضان",
        "elda7ee7",
        "elda7ee7 aj+",
        "AJ+",
        "مع تميم",
        "تميم البرغوثي",
        "AJ+ مع تميم",
        "المخبر الاقتصادي",
        "أشرف إبراهيم",
        "اقتصاد",
        "الجهبذ",
        "بشير نجار",
        "ليلى عبدو",
        "الوتر الحساس",
        "أمريكا",
        "منصات تواصل اجتماعي",
        "تويتر",
        "فيسبوك",
        "إنستغرام",
        "متابعين",
        "جمهور",
        "نخبة",
        "أخبار",
        "عائلة",
        "أصدقاء",
        "تواصل"
    ]
}