{
    "type": "Youtube",
    "source_url": "https://youtube.com/watch?v=kRDjQcSSa8E",
    "title": "المُخبر الاقتصادي+ | لماذا يندم الألمان على ما فعلوه مع روسيا؟ وكيف يخنق بوتين اقتصادهم القوي؟",
    "categories": [
        "Entertainment"
    ],
    "publish_date": "2022-06-11T00:00:00Z",
    "length": "00:13:45",
    "author": "AJ+ كبريت",
    "keywords": [
        "روسيا",
        "أوكرانيا",
        "ألمانيا",
        "الدنمارك",
        "هولندا",
        "فلندا",
        "هنغاريا",
        "بولندا",
        "قطر",
        "جزيرة القرم",
        "سوريا",
        "نفط",
        "غاز",
        "بترول",
        "فحم",
        "طاقة",
        "إقتصاد",
        "كهرباء",
        "حدود",
        "الدحيح",
        "AJ+ عربي",
        "Eldahih السليط",
        "معنى و زيادة",
        "السليط الاخباري",
        "نيكولاس خوري",
        "احمد الغندور",
        "AJ+ الدحيح",
        "AJ+ كبريت",
        "UC-4Kn",
        "السليط الاخباري الموسم الرابع",
        "نيكولاس خوري السليط الاخباري",
        "برامج AJ+",
        "برنامج الدحيح الجديد",
        "الدحيح رمضان",
        "elda7ee7",
        "elda7ee7 aj+",
        "AJ+",
        "مع تميم",
        "تميم البرغوثي",
        "AJ+ مع تميم",
        "المخبر الاقتصادي",
        "أشرف إبراهيم",
        "اقتصاد",
        "الجهبذ",
        "بشير نجار"
    ]
}