{
    "type": "Youtube",
    "source_url": "https://youtube.com/watch?v=eE42EjuzbfE",
    "title": "المُخبر الاقتصادي+ | لماذا هاجم العراق وإيران ناقلات النفط في الخليج بالصواريخ والألغام؟",
    "categories": [
        "Entertainment"
    ],
    "publish_date": "2024-04-23T00:00:00Z",
    "length": "00:23:17",
    "author": "AJ+ كبريت",
    "keywords": [
        "أشرف ابراهيم",
        "أوبك",
        "إيران",
        "الحرب العراقية الإيرانية",
        "الحرس الثوري الايراني",
        "الخليج العربي",
        "الخميني",
        "الدول العربية",
        "السعودية",
        "العراق",
        "الكويت",
        "المخبر الاقتصادي",
        "النفط",
        "تركيا",
        "رونالد ريغان",
        "سوريا",
        "شط العرب",
        "صدام حسين",
        "مضيق هرمز",
        "الدحيح",
        "AJ+ عربي",
        "Eldahih السليط",
        "معنى و زيادة",
        "السليط الاخباري",
        "نيكولاس خوري",
        "احمد الغندور",
        "AJ+ الدحيح",
        "AJ+ كبريت",
        "UC-4Kn",
        "برامج AJ+",
        "الدحيح رمضان",
        "AJ+",
        "مع تميم",
        "تميم البرغوثي",
        "AJ+ مع تميم",
        "أشرف إبراهيم",
        "اقتصاد",
        "الجهبذ",
        "بشير نجار",
        "ليلى عبدو",
        "الوتر الحساس"
    ]
}