{
    "type": "Youtube",
    "source_url": "https://youtube.com/watch?v=EpuowvOBADM",
    "title": "المُخبر الاقتصادي+ | كيف فاجأت السعودية العالم وأصبحت على رأس لعبة الأثرياء؟",
    "categories": [
        "Entertainment"
    ],
    "publish_date": "2023-06-20T00:00:00Z",
    "length": "00:12:49",
    "author": "AJ+ كبريت",
    "keywords": [
        "اشرف ابراهيم",
        "الدوري السعودي",
        "السعودية",
        "السعودية رياضة",
        "المخبر الاقتصادي",
        "بي جيه تور",
        "جولف السعودية",
        "رؤية السعودية 2030",
        "رياضة الغولف في السعوديه",
        "صندوق الاستثمارات العامة السعودي",
        "لايف غولف السعوديه",
        "ميسي السعودية",
        "نادي ديراب للغولف",
        "ياسر الرميان",
        "AJ+ عربي",
        "Eldahih السليط",
        "السليط الاخباري",
        "نيكولاس خوري",
        "احمد الغندور",
        "AJ+ كبريت",
        "UC-4Kn",
        "برامج AJ+",
        "الدحيح رمضان",
        "elda7ee7",
        "مع تميم",
        "تميم البرغوثي",
        "AJ+ مع تميم",
        "أشرف إبراهيم",
        "اقتصاد",
        "الجهبذ",
        "بشير نجار",
        "ليلى عبدو",
        "الوتر الحساس"
    ]
}