{
    "type": "Youtube",
    "source_url": "https://youtube.com/watch?v=wK6aSN3L-eY",
    "title": "المُخبر الاقتصادي+ | ما سر تحريض إسرائيل لأمريكا على تدمير أهم مؤسسة دولية في غزة؟",
    "categories": [
        "Entertainment"
    ],
    "publish_date": "2024-02-06T00:00:00Z",
    "length": "00:16:27",
    "author": "AJ+ كبريت",
    "keywords": [
        "أمريكا",
        "إسرائيل",
        "الأمم المتحدة لإغاثة وتشغيل لاجئي فلسطين",
        "الأونروا",
        "الجمعية العامة للأمم المتحدة",
        "الجيش الإسرائيلي",
        "اللاجئين",
        "المخبر الاقتصادي",
        "جنوب إفريقيا",
        "طوفان الأقصى",
        "غزة",
        "فلسطين",
        "محكمة العدل الدولية",
        "نكبة 48",
        "الدحيح",
        "AJ+ عربي",
        "Eldahih السليط",
        "معنى و زيادة",
        "السليط الاخباري",
        "نيكولاس خوري",
        "احمد الغندور",
        "AJ+ الدحيح",
        "AJ+ كبريت",
        "UC-4Kn",
        "نيكولاس خوري السليط الاخباري",
        "برامج AJ+",
        "AJ+",
        "مع تميم",
        "AJ+ مع تميم",
        "أشرف إبراهيم",
        "اقتصاد",
        "الجهبذ",
        "بشير نجار",
        "ليلى عبدو",
        "الوتر الحساس"
    ]
}