{
    "type": "Youtube",
    "source_url": "https://youtube.com/watch?v=-xJKvEJXO_k",
    "title": "المخبر الاقتصادي+ | كيف أصبحت نعمت شفيق أشهر امرأة في أمريكا؟ ما الذي تخشاه نعمت؟",
    "categories": [
        "Entertainment"
    ],
    "publish_date": "2024-05-11T00:00:00Z",
    "length": "00:25:34",
    "author": "AJ+ كبريت",
    "keywords": [
        "أمريكا",
        "إسرائيل",
        "اشرف ابراهيم",
        "البنك الدولي",
        "الجامعات الأمريكية",
        "المخبر الاقتصادي",
        "بنيامين نتنياهو",
        "تسيبي هوتوفلي",
        "جامعة كولومبيا",
        "جامعة هارفارد",
        "جمال عبد الناصر",
        "دومينيك ستروس كان",
        "صندوق النقد الدولي",
        "غزة",
        "فلسطين",
        "كريستين لاجارد",
        "كلودين غاي",
        "لبريطانيا",
        "مظاهرات الجامعات",
        "نعمت شفيق"
    ]
}