{
    "type": "Youtube",
    "source_url": "https://youtube.com/watch?v=PO6kMafwe8g",
    "title": "المُخبر الاقتصادي+| كيف صنعت الصين أحدث طائرة ركاب؟ وهل تقتل أمريكا المشروع؟",
    "categories": [
        "Entertainment"
    ],
    "publish_date": "2022-08-02T00:00:00Z",
    "length": "00:20:22",
    "author": "AJ+ كبريت",
    "keywords": [
        "الصين",
        "طائرات",
        "بوينغ",
        "إيرباص",
        "التجارية",
        "صنع في الصين",
        "صنع صيني",
        "سقوط طائرات",
        "أمريكا",
        "مشاريع كبرى",
        "المُخبر",
        "الاقتصادي",
        "اقتصاد",
        "تجارة",
        "عرب",
        "الشرق الأوسط"
    ]
}