{
    "type": "Youtube",
    "source_url": "https://youtube.com/watch?v=syBkVtdRq9E",
    "title": "المُخبر الاقتصادي+ | لماذا تستخدم إسرائيل القنابل الغبية بكثافة في قصف غزة؟",
    "categories": [
        "Entertainment"
    ],
    "publish_date": "2023-12-26T00:00:00Z",
    "length": "00:15:18",
    "author": "AJ+ كبريت",
    "keywords": [
        "أمريكا وإسرائيل",
        "اسرائيل",
        "الدعم الامريكي لاسرائيل",
        "القنابل الذكية",
        "القنابل الغبية",
        "القنابل الموجهة",
        "المخبر الاقتصادي",
        "المقاومة",
        "جو بايدن",
        "جيش الدفاع الاسرائيلي",
        "حماس",
        "طوفان الأقصى",
        "غزة",
        "نتنياهو",
        "AJ+ عربي",
        "Eldahih السليط",
        "السليط الاخباري",
        "نيكولاس خوري",
        "AJ+ كبريت",
        "UC-4Kn",
        "نيكولاس خوري السليط الاخباري",
        "برامج AJ+",
        "برنامج الدحيح الجديد",
        "الدحيح رمضان",
        "elda7ee7",
        "elda7ee7 aj+",
        "AJ+",
        "مع تميم",
        "تميم البرغوثي",
        "AJ+ مع تميم",
        "أشرف إبراهيم",
        "اقتصاد",
        "الجهبذ",
        "بشير نجار",
        "ليلى عبدو",
        "الوتر الحساس"
    ]
}