{
    "type": "Youtube",
    "source_url": "https://youtube.com/watch?v=cQSHhTf-P1Y",
    "title": "المُخبر الاقتصادي +| ماذا فعلت فرنسا في النيجر؟ وكيف يسرق الفرنسيون اليورانيوم من أفريقيا؟",
    "categories": [
        "Entertainment"
    ],
    "publish_date": "2022-12-17T00:00:00Z",
    "length": "00:18:22",
    "author": "AJ+ كبريت",
    "keywords": [
        "أفريقيا",
        "أوروبا",
        "احتياطيات اليورانيوم",
        "النيجر",
        "طاقة",
        "فرنسا",
        "كهرباء",
        "ماكرون",
        "نفط",
        "يورانيوم",
        "الدحيح",
        "AJ+ عربي",
        "Eldahih السليط",
        "معنى و زيادة",
        "السليط الاخباري",
        "نيكولاس خوري",
        "احمد الغندور",
        "AJ+ الدحيح",
        "AJ+ كبريت",
        "UC-4Kn",
        "السليط الاخباري الموسم الرابع",
        "نيكولاس خوري السليط الاخباري",
        "برامج AJ+",
        "برنامج الدحيح الجديد",
        "الدحيح رمضان",
        "elda7ee7",
        "elda7ee7 aj+",
        "AJ+",
        "مع تميم",
        "تميم البرغوثي",
        "AJ+ مع تميم",
        "المخبر الاقتصادي",
        "أشرف إبراهيم",
        "اقتصاد",
        "الجهبذ",
        "بشير نجار",
        "ليلى عبدو",
        "الوتر الحساس"
    ]
}