{
    "type": "Youtube",
    "source_url": "https://youtube.com/watch?v=W6rB5bMcXKk",
    "title": "المُخبر الاقتصادي+ | هل تنضم مصر والسعودية والجزائر لتحالف “بريكس” القوي؟",
    "categories": [
        "Entertainment"
    ],
    "publish_date": "2023-04-15T00:00:00Z",
    "length": "00:16:55",
    "author": "AJ+ كبريت",
    "keywords": [
        "الدول الست الكبرى",
        "السعودية والجزائر ومصر",
        "بريكس",
        "تحالف دول بريكس",
        "تحالف روسيا والصين والبرازيل",
        "الدحيح",
        "AJ+ عربي",
        "Eldahih السليط",
        "معنى و زيادة",
        "السليط الاخباري",
        "نيكولاس خوري",
        "احمد الغندور",
        "AJ+ الدحيح",
        "AJ+ كبريت",
        "UC-4Kn",
        "السليط الاخباري الموسم الرابع",
        "نيكولاس خوري السليط الاخباري",
        "برامج AJ+",
        "برنامج الدحيح الجديد",
        "الدحيح رمضان",
        "elda7ee7",
        "elda7ee7 aj+",
        "AJ+",
        "مع تميم",
        "تميم البرغوثي",
        "AJ+ مع تميم",
        "المخبر الاقتصادي",
        "أشرف إبراهيم",
        "اقتصاد",
        "الجهبذ",
        "بشير نجار",
        "ليلى عبدو",
        "الوتر الحساس"
    ]
}