{
    "type": "Youtube",
    "source_url": "https://youtube.com/watch?v=PtwsqLDIctQ",
    "title": "المُخبر الاقتصادي+ | كيف تستطيع أمريكا إجبار \"إسرائيل\" على وقف حربها ضد قطاع غزة؟",
    "categories": [
        "Entertainment"
    ],
    "publish_date": "2023-12-02T00:00:00Z",
    "length": "00:14:42",
    "author": "AJ+ كبريت",
    "keywords": [
        "أمريكا",
        "إسرائيل",
        "الجيش الإسرائيلي",
        "السعودية",
        "المقاومة",
        "الهدنة الإنسانية",
        "بنيامين نتنياهو",
        "جو بايدن في إسرائيل",
        "حرب 1967",
        "حرب لبنان 1982",
        "حماس",
        "غزة",
        "مصر",
        "معبر رفح",
        "مناحم بيجن",
        "وزير الدفاع الإسرائيلي"
    ]
}