{
    "type": "Youtube",
    "source_url": "https://youtube.com/watch?v=mIRIeVqMxtY",
    "title": "المُخبر الاقتصادي+ |  كيف أصبح \"أصدقاء إسرائيل\" من أقوى رجال الظل في بريطانيا؟",
    "categories": [
        "Entertainment"
    ],
    "publish_date": "2024-03-30T00:00:00Z",
    "length": "00:22:52",
    "author": "AJ+ كبريت",
    "keywords": [
        "اسرائيل",
        "اشرف ابراهيم",
        "البرلمان البريطاني",
        "اللوبي الصهيوني",
        "المخبر الاقتصادي",
        "بريتي باتيل",
        "بريطانيا",
        "توني بلير",
        "تيريزا ماي",
        "حزب العمال",
        "حزب المحافظين",
        "ديفيد كاميرون",
        "ديفيد كاميرون بنجامين نتنياهو",
        "ريشي سوناك",
        "طوفان الأقصى",
        "غزة",
        "فلسطين",
        "لبنان",
        "مارغريت تاتشر",
        "AJ+ عربي",
        "السليط الاخباري",
        "نيكولاس خوري",
        "AJ+ كبريت",
        "UC-4Kn",
        "برامج AJ+",
        "الدحيح رمضان",
        "elda7ee7",
        "elda7ee7 aj+",
        "AJ+",
        "مع تميم",
        "تميم البرغوثي",
        "AJ+ مع تميم",
        "أشرف إبراهيم",
        "اقتصاد",
        "الجهبذ",
        "بشير نجار",
        "ليلى عبدو",
        "الوتر الحساس"
    ]
}