{
    "type": "Youtube",
    "source_url": "https://youtube.com/watch?v=rMOPa4kJNDY",
    "title": "المُخبر الاقتصادي+ | هل يستطيع إيلون ماسك تحدي آبل؟ كيف يمكن لآبل القضاء على تويتر في لحظة؟",
    "categories": [
        "Entertainment"
    ],
    "publish_date": "2022-12-13T00:00:00Z",
    "length": "00:15:36",
    "author": "AJ+ كبريت",
    "keywords": [
        "أمريكا",
        "الدحيح",
        "AJ+ عربي",
        "Eldahih السليط",
        "معنى و زيادة",
        "السليط الاخباري",
        "نيكولاس خوري",
        "احمد الغندور",
        "AJ+ الدحيح",
        "AJ+ كبريت",
        "UC-4Kn",
        "السليط الاخباري الموسم الرابع",
        "نيكولاس خوري السليط الاخباري",
        "برامج AJ+",
        "برنامج الدحيح الجديد",
        "الدحيح رمضان",
        "elda7ee7",
        "elda7ee7 aj+",
        "AJ+",
        "مع تميم",
        "تميم البرغوثي",
        "AJ+ مع تميم",
        "المخبر الاقتصادي",
        "أشرف إبراهيم",
        "اقتصاد",
        "الجهبذ",
        "بشير نجار",
        "ليلى عبدو",
        "الوتر الحساس",
        "تويتر",
        "أبل",
        "إيلون ماسك",
        "بابجي"
    ]
}