{
    "type": "Youtube",
    "source_url": "https://youtube.com/watch?v=HYX-gXBt9AA",
    "title": "المُخبر الاقتصادي+ | هل يقود العرب والمسلمون الأمريكيون بايدن لخسارة الانتخابات أمام ترمب؟",
    "categories": [
        "Entertainment"
    ],
    "publish_date": "2024-03-12T00:00:00Z",
    "length": "00:21:02",
    "author": "AJ+ كبريت",
    "keywords": [
        "أمريكا",
        "احتجاجات",
        "اشرف ابراهيم",
        "الادارة الأمريكية",
        "الانتخابات الأمريكية",
        "البيت الأبيض",
        "الجيش الاسرائيلي",
        "الحزب الجمهوري",
        "الحزب الديمقراطي",
        "العدوان الاسرائيلي",
        "المخبر الاقتصادي",
        "المساعدات الانسانية",
        "الهان عمر",
        "بايدن",
        "ترامب",
        "رشيدة طليب",
        "قطاع غزة",
        "مظاهرات",
        "ميشيغان",
        "هيلاري كلينتون"
    ]
}