{
    "type": "Youtube",
    "source_url": "https://youtube.com/watch?v=BY0eO8GNGOo",
    "title": "المُخبر الاقتصادي+ | ماذا سيفعل بوتين في كنز الذهب الذي استولت عليه روسيا؟ هل يرده لأصحابه؟",
    "categories": [
        "Entertainment"
    ],
    "publish_date": "2024-04-16T00:00:00Z",
    "length": "00:15:30",
    "author": "AJ+ كبريت",
    "keywords": [
        "ألمانيا",
        "اشرف ابراهيم",
        "الاتحاد السوفياتي",
        "البرلمان الأوروبي",
        "الحلفاء",
        "الدولة العثمانية",
        "الذهب",
        "المجر",
        "المخبر الاقتصادي",
        "النمسا",
        "اوجين توماك",
        "بوخارست",
        "حرب العالمية الأولى",
        "دول المحور",
        "ديميتري ميدفيديف",
        "روسيا",
        "روسيا القيصرية",
        "رومانيا",
        "عقوبات اقتصادية",
        "فلاديمير بوتين",
        "موسكو",
        "AJ+ عربي",
        "السليط الاخباري",
        "نيكولاس خوري",
        "احمد الغندور",
        "AJ+ كبريت",
        "UC-4Kn",
        "برامج AJ+",
        "elda7ee7",
        "AJ+",
        "مع تميم",
        "تميم البرغوثي",
        "AJ+ مع تميم",
        "أشرف إبراهيم",
        "اقتصاد",
        "الجهبذ",
        "بشير نجار",
        "ليلى عبدو",
        "الوتر الحساس"
    ]
}