{
    "type": "Youtube",
    "source_url": "https://youtube.com/watch?v=tI5FsVUsncg",
    "title": "المُخبر الاقتصادي+ | لماذا يرسل الصرب السلاح لإسرائيل؟ ما السر الذي تخفيه إسرائيل؟",
    "categories": [
        "Entertainment"
    ],
    "publish_date": "2024-07-09T00:00:00Z",
    "length": "00:19:10",
    "author": "AJ+ كبريت",
    "keywords": [
        "أشرف ابراهيم",
        "ألكسندر فوتشيتش",
        "الأمم المتحدة",
        "البلقان",
        "البوسنة والهرسك",
        "الجمعية العامة للأمم المتحدة",
        "العدوان الإسرائيلي",
        "المخبر الافتصادي",
        "اليونان",
        "بلغراد",
        "بنيامين نتنياهو",
        "راتكو ملاديتش",
        "سراييفو",
        "سلوبودان ميلوشيفيتش",
        "سلوفينيا",
        "صربيا",
        "قطاع غزة",
        "كوسوفو",
        "مسلموا البوسنة",
        "يوغوسلافيا",
        "الدحيح",
        "AJ+ عربي",
        "السليط الاخباري",
        "نيكولاس خوري",
        "احمد الغندور",
        "AJ+ كبريت",
        "UC-4Kn",
        "برامج AJ+",
        "AJ+",
        "مع تميم",
        "تميم البرغوثي",
        "المخبر الاقتصادي",
        "أشرف إبراهيم",
        "اقتصاد",
        "الجهبذ",
        "بشير نجار",
        "ليلى عبدو",
        "الوتر الحساس"
    ]
}