{
    "type": "Youtube",
    "source_url": "https://youtube.com/watch?v=ZP5kgXqPn6w",
    "title": "المُخبر الاقتصادي + | ماذا لو دخلت روسيا وأمريكا في حرب نووية بسبب أوكرانيا؟ كيف سيتأثر العرب؟",
    "categories": [
        "Entertainment"
    ],
    "publish_date": "2022-10-01T00:00:00Z",
    "length": "00:20:32",
    "author": "AJ+ كبريت",
    "keywords": [
        "الدحيح",
        "AJ+ عربي",
        "Eldahih",
        "السليط",
        "معنى و زيادة",
        "السليط الاخباري",
        "نيكولاس خوري",
        "احمد الغندور",
        "AJ+ الدحيح",
        "AJ+ كبريت",
        "UC-4Kn",
        "السليط الاخباري الموسم الرابع",
        "نيكولاس خوري السليط الاخباري",
        "برامج AJ+",
        "برنامج الدحيح الجديد",
        "الدحيح رمضان",
        "elda7ee7",
        "elda7ee7 aj+",
        "AJ+",
        "مع تميم",
        "تميم البرغوثي",
        "AJ+ مع تميم"
    ]
}