{
    "type": "Youtube",
    "source_url": "https://youtube.com/watch?v=YmiLZoG_HUg",
    "title": "المُخبر الاقتصادي+ | كيف أخذت روسيا شركات أوروبا رهينة مقابل أموال بنكها المركزي المحاصرة؟",
    "categories": [
        "Entertainment"
    ],
    "publish_date": "2023-06-10T00:00:00Z",
    "length": "00:12:12",
    "author": "AJ+ كبريت",
    "keywords": [
        "اشرف ابراهيم",
        "الاتحاد الاوروبي",
        "المخبر الاقتصادي",
        "المستشار الألماني أولاف شولتس",
        "روسنفت",
        "روسيا وألمانيا",
        "روسيا وأوكرانيا",
        "شركة روساتوم",
        "شركة غازبروم النفطية الروسية",
        "شركة يونيبر",
        "عقوبات روسيا",
        "غازبروم جيرمانيا",
        "فلاديمير بوتين",
        "نفط روسيا",
        "الدحيح",
        "AJ+ عربي",
        "Eldahih السليط",
        "معنى و زيادة",
        "السليط الاخباري",
        "نيكولاس خوري",
        "احمد الغندور",
        "AJ+ الدحيح",
        "AJ+ كبريت",
        "UC-4Kn",
        "نيكولاس خوري السليط الاخباري",
        "برامج AJ+",
        "برنامج الدحيح الجديد",
        "الدحيح رمضان",
        "elda7ee7",
        "AJ+",
        "أشرف إبراهيم",
        "اقتصاد"
    ]
}