{
    "type": "Youtube",
    "source_url": "https://youtube.com/watch?v=FppS-Y0oTkY",
    "title": "المُخبر الاقتصادي+ | لماذا يجب أن يوقف العالم إسرائيل بسرعة؟ كيف تستخدم سلاح التجويع ضد غزة؟",
    "categories": [
        "Entertainment"
    ],
    "publish_date": "2024-02-13T00:00:00Z",
    "length": "00:24:36",
    "author": "AJ+ كبريت",
    "keywords": [
        "أفيف كوخافي",
        "اتفاقية المعابر",
        "اشرف ابراهيم",
        "الاحتلال الإسرائيلي",
        "المساعدات الإنسانية",
        "المُخبر الاقتصادي",
        "جلعاد شاليط",
        "طوفان الأقصى",
        "غزة",
        "فلسطين المحتلة",
        "كريس فان هولن",
        "مخيمات اللاجئين",
        "مصر",
        "معبررفح",
        "AJ+ عربي",
        "Eldahih السليط",
        "السليط الاخباري",
        "نيكولاس خوري",
        "AJ+ كبريت",
        "UC-4Kn",
        "برامج AJ+",
        "برنامج الدحيح الجديد",
        "الدحيح رمضان",
        "elda7ee7",
        "elda7ee7 aj+",
        "AJ+",
        "مع تميم",
        "تميم البرغوثي",
        "AJ+ مع تميم",
        "المخبر الاقتصادي",
        "أشرف إبراهيم",
        "اقتصاد",
        "الجهبذ",
        "بشير نجار",
        "ليلى عبدو",
        "الوتر الحساس"
    ]
}