{
    "type": "Youtube",
    "source_url": "https://youtube.com/watch?v=0dovfAo9oag",
    "title": "المُخبر الاقتصادي+ | لماذا تدافع هولندا بشراسة عن إسرائيل؟ كيف أصبحت أفضل صديق لها بأوروبا؟",
    "categories": [
        "Entertainment"
    ],
    "publish_date": "2024-02-17T00:00:00Z",
    "length": "00:19:13",
    "author": "AJ+ كبريت",
    "keywords": [
        "السليط الاخباري",
        "نيكولاس خوري",
        "احمد الغندور",
        "AJ+ الدحيح",
        "AJ+ كبريت",
        "UC-4Kn",
        "السليط الاخباري الموسم الرابع",
        "نيكولاس خوري السليط الاخباري",
        "برامج AJ+",
        "برنامج الدحيح الجديد",
        "الدحيح رمضان",
        "AJ+",
        "طوفان الأقصى",
        "قطاع غزة",
        "هولندا",
        "ويلم دريس",
        "حرب أكتوبر",
        "الخارجية الهولندية",
        "سلاح الجو الإسرائيلي",
        "المستوطنين الاسرائيليين، الأمم المتحدة",
        "الاتحاد الأوروبي",
        "بن بوت",
        "ديفيد بن غوريون",
        "ميناء غزة",
        "حنان بارون",
        "يوب دن ايل",
        "هاري ترومان",
        "الملكة يوليانا",
        "المخبر الإقتصادي",
        "أشرف ابراهيم"
    ]
}