{
    "type": "Youtube",
    "source_url": "https://youtube.com/watch?v=njZOrrKQ0r4",
    "title": "المُخبر الاقتصادي+ | من دمر السودان وجوع أهله؟ من يقف وراء أكبر أزمة جوع في العالم؟",
    "categories": [
        "Entertainment"
    ],
    "publish_date": "2024-07-23T00:00:00Z",
    "length": "00:32:47",
    "author": "AJ+ كبريت",
    "keywords": [
        "أزمة غذاء",
        "أشرف ابراهيم",
        "الأمم المتحدة",
        "البرهان",
        "البنك الدولي",
        "الجزيرة",
        "الجيش السوداني",
        "الحرب في السودان",
        "الزراعة",
        "السودان",
        "القطن",
        "اللاجئيين",
        "المخبر الاقتصادي",
        "تشاد",
        "جعفر النميري",
        "جنوب السودان",
        "حظر النفط",
        "حميدتي",
        "دارفور",
        "دول الخليج",
        "صندوق النقد الدولي",
        "عمر البشير",
        "قوات الدعم السريع",
        "مجاعة",
        "مخيمات",
        "الدحيح",
        "AJ+ عربي",
        "السليط الاخباري",
        "نيكولاس خوري",
        "احمد الغندور",
        "AJ+ كبريت",
        "UC-4Kn",
        "elda7ee7",
        "AJ+",
        "تميم البرغوثي",
        "AJ+ مع تميم",
        "أشرف إبراهيم",
        "اقتصاد",
        "الجهبذ",
        "بشير نجار",
        "ليلى عبدو",
        "الوتر الحساس"
    ]
}