{
    "type": "Youtube",
    "source_url": "https://youtube.com/watch?v=5z1OIUHDR2M",
    "title": "المُخبر الاقتصادي+ | لماذا تخاف أمريكا من السيارة الكهربائية الصينية؟ هل تقضي الصين على تسلا؟",
    "categories": [
        "Entertainment"
    ],
    "publish_date": "2024-06-25T00:00:00Z",
    "length": "00:18:36",
    "author": "AJ+ كبريت",
    "keywords": [
        "إيلون ماسك",
        "اشرف ابراهيم",
        "الانتخابات الأمريكية",
        "الجمهوريين",
        "الديمقراطيين",
        "السيارات الكهربائية",
        "السيارة الكهربائية الصينية",
        "الصين",
        "المخبر الاقتصادي",
        "بي واي دي",
        "تسلا",
        "تعريفات جمركية",
        "جو بايدن",
        "دونالد ترمب",
        "سيارات اليابان",
        "شي جين بينغ",
        "غزة",
        "هيلاري كلينتون",
        "ولايات متأرجحة",
        "الدحيح",
        "AJ+ عربي",
        "Eldahih السليط",
        "معنى و زيادة",
        "السليط الاخباري",
        "نيكولاس خوري",
        "احمد الغندور",
        "AJ+ الدحيح",
        "AJ+ كبريت",
        "UC-4Kn",
        "برامج AJ+",
        "برنامج الدحيح الجديد",
        "AJ+",
        "مع تميم",
        "أشرف إبراهيم",
        "اقتصاد",
        "الجهبذ",
        "بشير نجار"
    ]
}