{
    "type": "Youtube",
    "source_url": "https://youtube.com/watch?v=bue0gU5GKAE",
    "title": "المُخبر الاقتصادي +| لماذا تبيع أمريكا والنرويج الغاز بأسعار مرتفعة جداً لفرنسا وأوروبا؟",
    "categories": [
        "Entertainment"
    ],
    "publish_date": "2022-10-15T00:00:00Z",
    "length": "00:14:19",
    "author": "AJ+ كبريت",
    "keywords": [
        "ألمانيا",
        "أوكرانيا",
        "النفط",
        "روسيا",
        "غاز طبيعي",
        "فرنسا"
    ]
}