{
    "type": "Youtube",
    "source_url": "https://youtube.com/watch?v=HamaSC3DHAk",
    "title": "المُخبر الاقتصادي+ | لماذا يرفض الصينيون إنفاق أموالهم رغم توسلات الحكومة لإنقاذ الاقتصاد؟",
    "categories": [
        "Entertainment"
    ],
    "publish_date": "2023-08-22T00:00:00Z",
    "length": "00:24:16",
    "author": "AJ+ كبريت",
    "keywords": [
        "الصين",
        "china",
        "اقتصاد الصين",
        "الاقتصاد الصيني",
        "كورونا",
        "انكماش اقتصادي",
        "الدحيح",
        "AJ+ عربي",
        "Eldahih السليط",
        "معنى و زيادة",
        "السليط الاخباري",
        "نيكولاس خوري",
        "احمد الغندور",
        "AJ+ الدحيح",
        "AJ+ كبريت",
        "UC-4Kn",
        "السليط الاخباري الموسم الرابع",
        "نيكولاس خوري السليط الاخباري",
        "برامج AJ+",
        "برنامج الدحيح الجديد",
        "الدحيح رمضان",
        "elda7ee7",
        "elda7ee7 aj+",
        "AJ+",
        "مع تميم",
        "تميم البرغوثي",
        "AJ+ مع تميم",
        "المخبر الاقتصادي",
        "أشرف إبراهيم",
        "اقتصاد",
        "الجهبذ",
        "بشير نجار",
        "ليلى عبدو",
        "الوتر الحساس"
    ]
}