{
    "type": "Youtube",
    "source_url": "https://youtube.com/watch?v=ddYq_koOV7o",
    "title": "المُخبر الاقتصادي+| لماذا تهرب الشركات من ألمانيا؟ وكيف تقتل روسيا معجزة أوروبا الصناعية؟",
    "categories": [
        "Entertainment"
    ],
    "publish_date": "2022-08-06T00:00:00Z",
    "length": "00:17:40",
    "author": "AJ+ كبريت",
    "keywords": [
        "أزمةـاقتصادية",
        "ألمانيا",
        "بترول",
        "بوتين",
        "حرب",
        "دولار",
        "روسيا",
        "صناعة",
        "يورو"
    ]
}