{
    "type": "Youtube",
    "source_url": "https://youtube.com/watch?v=FqxmKf5DZio",
    "title": "المُخبر الاقتصادي+ | كيف تستخدم إسرائيل نظام \"الإنجيل\" في الاغتيالات الجماعية؟",
    "categories": [
        "Entertainment"
    ],
    "publish_date": "2023-12-12T00:00:00Z",
    "length": "00:17:05",
    "author": "AJ+ كبريت",
    "keywords": [
        "أبو عبيدة",
        "اسرائيل",
        "اشرف ابراهيم",
        "الجيش الاسرائيلي",
        "الذكاء الاصطناعي",
        "السنوار",
        "العدوان الاسرائيلي على غزة",
        "المخبر الاقتصادي",
        "حماس",
        "غزة",
        "فلسطين",
        "نتنياهو",
        "نظام الإنجيل",
        "الدحيح",
        "AJ+ عربي",
        "Eldahih السليط",
        "معنى و زيادة",
        "السليط الاخباري",
        "نيكولاس خوري",
        "احمد الغندور",
        "AJ+ الدحيح",
        "AJ+ كبريت",
        "UC-4Kn",
        "السليط الاخباري الموسم الرابع",
        "نيكولاس خوري السليط الاخباري",
        "برامج AJ+",
        "الدحيح رمضان",
        "elda7ee7",
        "elda7ee7 aj+",
        "AJ+",
        "أشرف إبراهيم",
        "اقتصاد",
        "الجهبذ",
        "بشير نجار",
        "ليلى عبدو",
        "الوتر الحساس"
    ]
}