{
    "type": "Youtube",
    "source_url": "https://youtube.com/watch?v=TDdwP-kFr9o",
    "title": "المُخبر الاقتصادي+ | كيف تنوي أمريكا السيطرة على أموال روسيا ومساعدة إسرائيل؟ هل ينتقم بوتين؟",
    "categories": [
        "Entertainment"
    ],
    "publish_date": "2024-03-02T00:00:00Z",
    "length": "00:17:55",
    "author": "AJ+ كبريت",
    "keywords": [
        "أشرف ابراهيم",
        "اسرائيل",
        "الاتحاد الأوروبي",
        "البيت الأبيض",
        "الحرب الروسية الأوكرانية",
        "الدول الأوروبية",
        "الدولار",
        "الكريملن",
        "الكونغرس الأمريكي",
        "المخبر الاقتصادي",
        "اليورو",
        "بايدن الروبل",
        "بوتين",
        "روسيا",
        "زيلنسكي",
        "قطاع غزة",
        "موسكو",
        "الدحيح",
        "AJ+ عربي",
        "Eldahih السليط",
        "معنى و زيادة",
        "السليط الاخباري",
        "نيكولاس خوري",
        "احمد الغندور",
        "AJ+ الدحيح",
        "AJ+ كبريت",
        "UC-4Kn",
        "نيكولاس خوري السليط الاخباري",
        "AJ+",
        "مع تميم",
        "تميم البرغوثي",
        "AJ+ مع تميم",
        "أشرف إبراهيم",
        "اقتصاد",
        "الجهبذ",
        "بشير نجار",
        "ليلى عبدو",
        "الوتر الحساس"
    ]
}