{
    "type": "Youtube",
    "source_url": "https://youtube.com/watch?v=QruiwCeNbvg",
    "title": "المخبر الاقتصادي+ | هل تستطيع أمريكا وإسرائيل إجبار الصين على بيع تيكتوك أو \"سر الصين العظيم\"؟",
    "categories": [
        "Entertainment"
    ],
    "publish_date": "2024-03-19T00:00:00Z",
    "length": "00:18:36",
    "author": "AJ+ كبريت",
    "keywords": [
        "إسحاق هرتسوغ",
        "إسرائيل",
        "إيلون ماسك",
        "اشرف ابراهيم",
        "الصين",
        "المخبر الاقتصادي",
        "بايت دانس",
        "تيكتوك",
        "تيكتوك في أمريكا",
        "جامعة هارفارد",
        "جو بايدن",
        "حظر تيكتوك",
        "دونالد ترمب",
        "غزة",
        "فلسطين طوفان الأقصى",
        "فيسبوك",
        "وكالة الاستخبارات الأمريكية",
        "الدحيح",
        "AJ+ عربي",
        "Eldahih السليط",
        "معنى و زيادة",
        "السليط الاخباري",
        "نيكولاس خوري",
        "AJ+ كبريت",
        "UC-4Kn",
        "نيكولاس خوري السليط الاخباري",
        "برنامج الدحيح الجديد",
        "AJ+",
        "تميم البرغوثي",
        "AJ+ مع تميم",
        "أشرف إبراهيم",
        "اقتصاد",
        "الجهبذ",
        "بشير نجار",
        "ليلى عبدو",
        "الوتر الحساس"
    ]
}