{
    "type": "Youtube",
    "source_url": "https://youtube.com/watch?v=T1kKsJ_I9Gc",
    "title": "المُخبر الاقتصادي+ | لماذا ينهار الين الياباني؟ وكيف أصبح أرخص عملة في العالم الغني؟",
    "categories": [
        "Entertainment"
    ],
    "publish_date": "2022-06-04T00:00:00Z",
    "length": "00:17:39",
    "author": "AJ+ كبريت",
    "keywords": [
        "Japan",
        "dollar",
        "yen",
        "أمريكا",
        "الدولار",
        "اليابان",
        "الين الياباني",
        "الدحيح",
        "AJ+ عربي",
        "Eldahih السليط",
        "معنى و زيادة",
        "السليط الاخباري",
        "نيكولاس خوري",
        "احمد الغندور",
        "AJ+ الدحيح",
        "AJ+ كبريت",
        "UC-4Kn",
        "السليط الاخباري الموسم الرابع",
        "نيكولاس خوري السليط الاخباري",
        "برامج AJ+",
        "برنامج الدحيح الجديد",
        "الدحيح رمضان",
        "elda7ee7",
        "elda7ee7 aj+",
        "AJ+",
        "مع تميم",
        "تميم البرغوثي",
        "AJ+ مع تميم",
        "المخبر الاقتصادي",
        "أشرف إبراهيم",
        "اقتصاد",
        "الجهبذ",
        "بشير نجار"
    ]
}