{
    "type": "Youtube",
    "source_url": "https://youtube.com/watch?v=UPC2Gt_8dJ0",
    "title": "!المُخبر الاقتصادي+ | لماذا ستقسم إمبرطورية علي بابا إلى شركات صغيرة؟ هل يعاقب رئيس الصين صاحبها؟",
    "categories": [
        "Entertainment"
    ],
    "publish_date": "2023-04-04T00:00:00Z",
    "length": "00:13:58",
    "author": "AJ+ كبريت",
    "keywords": [
        "جاك ما",
        "الصين",
        "علي بابا",
        "الدحيح",
        "AJ+ عربي",
        "Eldahih السليط",
        "معنى و زيادة",
        "السليط الاخباري",
        "نيكولاس خوري",
        "احمد الغندور",
        "AJ+ الدحيح",
        "AJ+ كبريت",
        "UC-4Kn",
        "السليط الاخباري الموسم الرابع",
        "نيكولاس خوري السليط الاخباري",
        "برامج AJ+",
        "برنامج الدحيح الجديد",
        "الدحيح رمضان",
        "elda7ee7",
        "elda7ee7 aj+",
        "AJ+",
        "مع تميم",
        "تميم البرغوثي",
        "AJ+ مع تميم",
        "المخبر الاقتصادي",
        "أشرف إبراهيم",
        "اقتصاد",
        "الجهبذ",
        "بشير نجار",
        "ليلى عبدو",
        "الوتر الحساس"
    ]
}