{
    "type": "Youtube",
    "source_url": "https://youtube.com/watch?v=-gonRYN1KBo",
    "title": "المُخبر الاقتصادي+ | كيف دفع رجل وامرأة اقتصاد بريطانيا نحو الانهيار؟ لماذا يطبعون الإسترليني؟",
    "categories": [
        "Entertainment"
    ],
    "publish_date": "2022-10-18T00:00:00Z",
    "length": "00:21:00",
    "author": "AJ+ كبريت",
    "keywords": [
        "الاسترليني",
        "البنك المركزي البريطاني",
        "الجنيه الاسترليني",
        "الدولار",
        "المملكة المتحدة",
        "بريطانيا",
        "رئيسة الوزراء البريطانية",
        "ليز تراس",
        "مارجريت تاتشر",
        "مستشار الخزانة الأمريكي",
        "AJ+ عربي",
        "Eldahih السليط",
        "معنى و زيادة",
        "السليط الاخباري",
        "نيكولاس خوري",
        "احمد الغندور",
        "AJ+ الدحيح",
        "AJ+ كبريت",
        "UC-4Kn",
        "السليط الاخباري الموسم الرابع",
        "نيكولاس خوري السليط الاخباري",
        "برامج AJ+",
        "برنامج الدحيح الجديد",
        "AJ+",
        "مع تميم",
        "تميم البرغوثي",
        "AJ+ مع تميم",
        "المخبر الاقتصادي",
        "أشرف إبراهيم",
        "اقتصاد",
        "الجهبذ",
        "بشير نجار"
    ]
}