{
    "type": "Youtube",
    "source_url": "https://youtube.com/watch?v=WL2MQoSdWWI",
    "title": "المُخبر الاقتصادي+ | لماذا قد تقطع بريطانيا السلاح عن إسرائيل قريباً؟ هل تخلت عن نتنياهو؟",
    "categories": [
        "Entertainment"
    ],
    "publish_date": "2024-08-17T00:00:00Z",
    "length": "00:15:35",
    "author": "AJ+ كبريت",
    "keywords": [
        "أوكسفام",
        "إسرائيل",
        "إف 35",
        "اشرف ابراهيم",
        "الانتخابات البريطانية",
        "القوات الجوية الإسرائيلية",
        "المحكمة الجنائية الدولية",
        "المخبر الاقتصادي",
        "المملكة المتحدة",
        "برات آند ويتني",
        "بريطانيا",
        "بي أيه إي سيستمز",
        "حركة المقاومة الإسلامية",
        "حزب العمال البريطاني",
        "حماس",
        "حملة مكافحة تجارة الأسلحة",
        "ديفيد كاميرون",
        "ديفيد لامي",
        "ريشي سوناك",
        "صادرات السلاح لإسرائيل",
        "غزة",
        "فلسطين",
        "كريم خان",
        "لوكهيد مارتن",
        "نتنياهو",
        "نورثروب غرومان",
        "هولندا"
    ]
}