{
    "type": "Youtube",
    "source_url": "https://youtube.com/watch?v=zR5N6-JfwCM",
    "title": "المُخبر الاقتصادي+ | كيف يتسبب العناد في ضياع أموالك في استثمارات فاشلة؟",
    "categories": [
        "Entertainment"
    ],
    "publish_date": "2023-05-20T00:00:00Z",
    "length": "00:16:46",
    "author": "AJ+ كبريت",
    "keywords": [
        "أكبر خطأ مالي",
        "اشرف ابراهيم",
        "التكلفة الغارقة",
        "الرحلة 781",
        "الطائرات الأسرع من الصوت",
        "الكونوكورد",
        "المخبر الاقتصادي",
        "بريطانيا",
        "بوينج 707",
        "دي سي-8",
        "طائرة دي هافيلاند كوميت",
        "فرنسا",
        "مشاريع فاشلة",
        "AJ+ عربي",
        "Eldahih السليط",
        "معنى و زيادة",
        "السليط الاخباري",
        "نيكولاس خوري",
        "AJ+ الدحيح",
        "AJ+ كبريت",
        "UC-4Kn",
        "السليط الاخباري الموسم الرابع",
        "نيكولاس خوري السليط الاخباري",
        "برامج AJ+",
        "AJ+",
        "مع تميم",
        "تميم البرغوثي",
        "AJ+ مع تميم",
        "أشرف إبراهيم",
        "اقتصاد",
        "الجهبذ",
        "بشير نجار",
        "ليلى عبدو",
        "الوتر الحساس"
    ]
}