{
    "type": "Youtube",
    "source_url": "https://youtube.com/watch?v=U7TA6CRIB2w",
    "title": "المُخبر الاقتصادي+ | هل يلجأ رئيس أمريكا إلى الحل الأخير لكي ينقذ بلاده من كارثة اقتصادية؟",
    "categories": [
        "Entertainment"
    ],
    "publish_date": "2023-05-23T00:00:00Z",
    "length": "00:12:43",
    "author": "AJ+ كبريت",
    "keywords": [
        "اشرف ابراهيم",
        "التعديل الـ14 في الدستور الأمريكي",
        "الجمهوريين",
        "الديمقراطيين",
        "الدين العام الأمريكي",
        "الديون الأمريكية",
        "المخبر الاقتصادي",
        "جو بايدن",
        "سقف الديون",
        "سندات الخزانة الأمريكية",
        "مجلس الشيوخ الأمريكي",
        "وزارة الخزانة الأمريكية",
        "AJ+ عربي",
        "Eldahih السليط",
        "السليط الاخباري",
        "نيكولاس خوري",
        "AJ+ كبريت",
        "UC-4Kn",
        "نيكولاس خوري السليط الاخباري",
        "برامج AJ+",
        "AJ+",
        "مع تميم",
        "تميم البرغوثي",
        "AJ+ مع تميم",
        "أشرف إبراهيم",
        "اقتصاد",
        "الجهبذ",
        "بشير نجار",
        "ليلى عبدو",
        "الوتر الحساس"
    ]
}