{
    "type": "Youtube",
    "source_url": "https://youtube.com/watch?v=bvbFh1eklI4",
    "title": "المُخبر الاقتصادي+ | لماذا يحب زعيم الهند إسرائيل بشدة؟ ما سر هذه العلاقة الوطيدة؟",
    "categories": [
        "Entertainment"
    ],
    "publish_date": "2024-02-27T00:00:00Z",
    "length": "00:22:18",
    "author": "AJ+ كبريت",
    "keywords": [
        "الدحيح",
        "AJ+ عربي",
        "Eldahih",
        "السليط",
        "معنى و زيادة",
        "السليط الاخباري",
        "نيكولاس خوري",
        "احمد الغندور",
        "AJ+ الدحيح",
        "AJ+ كبريت",
        "UC-4Kn",
        "السليط الاخباري الموسم الرابع",
        "نيكولاس خوري السليط الاخباري",
        "برامج AJ+",
        "برنامج الدحيح الجديد",
        "الدحيح رمضان",
        "elda7ee7",
        "elda7ee7 aj+",
        "AJ+",
        "مع تميم",
        "تميم البرغوثي",
        "AJ+ مع تميم",
        "الهند",
        "إسرائيل",
        "فلسطين"
    ]
}