{
    "type": "Youtube",
    "source_url": "https://youtube.com/watch?v=Gz36T5ksyUs",
    "title": "المُخبر الاقتصادي+| لماذا يحصل لاعبو الكرة والمطربون على رواتب أكبر من أصحاب الدكتوراة؟ هل هذا عدل؟",
    "categories": [
        "Entertainment"
    ],
    "publish_date": "2022-11-05T00:00:00Z",
    "length": "00:15:09",
    "author": "AJ+ كبريت",
    "keywords": [
        "أجور الأطباء",
        "أجور لاعبين الكرة",
        "رواتب اللاعبين",
        "طبيب ولاعب كرة قدم",
        "عقود اللاعبين",
        "كرة القدم",
        "كريستيانو رونالدو",
        "محمد صلاح",
        "ميسي"
    ]
}