{
    "type": "Youtube",
    "source_url": "https://youtube.com/watch?v=1jAkgfI0R7I",
    "title": "المُخبر الاقتصادي+ | هل يستحق كأس العالم في قطر المليارات التي صرفت عليه؟",
    "categories": [
        "Entertainment"
    ],
    "publish_date": "2022-11-22T00:00:00Z",
    "length": "00:19:05",
    "author": "AJ+ كبريت",
    "keywords": [
        "AJ+",
        "AJ+ الدحيح",
        "AJ+ كبريت",
        "AJ+ مع تميم",
        "Eldahih السليط",
        "UC-4Kn",
        "aJ+ عربي",
        "elda7ee7",
        "elda7ee7 aj+",
        "احمد الغندور",
        "الدحيح",
        "الدحيح رمضان",
        "السليط الاخباري",
        "السليط الاخباري الموسم الرابع",
        "الفيفا",
        "المخبر الاقتصادي",
        "المخبر الاقتصادي+",
        "برامج AJ+",
        "برنامج الدحيح الجديد",
        "تميم البرغوثي",
        "قطر",
        "كأس العالم 2002",
        "كأس العالم 2022",
        "كأس العالم فيفا قطر 2022",
        "كأس العالم كوريا الجنوبية",
        "مع تميم",
        "معنى و زيادة",
        "ملاعب كأس العالم 2022",
        "نيكولاس خوري",
        "نيكولاس خوري السليط الاخباري"
    ]
}