{
    "type": "Youtube",
    "source_url": "https://youtube.com/watch?v=__Jei_ROxxI",
    "title": "المُخبر الاقتصادي+ | لماذا حاصر اليهود الأمريكيون اقتصاد المكسيك؟ وكيف خضعت المكسيك؟",
    "categories": [
        "Entertainment"
    ],
    "publish_date": "2024-04-13T00:00:00Z",
    "length": "00:19:59",
    "author": "AJ+ كبريت",
    "keywords": [
        "اسحق رابيين",
        "اسرائيل",
        "اشرف ابراهيم",
        "اكابولكو",
        "الأمم المتحدة",
        "الحرب الباردة",
        "السياحة",
        "الصراع العربي الاسرائيلي",
        "الفنادق",
        "المخبر الاقتصادي",
        "المقاطعة",
        "المكسيك",
        "النفط",
        "الولايات المتحدة الأمريكية",
        "تقسيم فلسطين",
        "ثيودور هرتزل",
        "فلسطين المحتلة",
        "لويس ايشيفيريا",
        "ميكسيكو سيتي",
        "نتنياهو",
        "الدحيح",
        "AJ+ عربي",
        "Eldahih السليط",
        "السليط الاخباري",
        "نيكولاس خوري",
        "احمد الغندور",
        "AJ+ كبريت",
        "UC-4Kn",
        "برامج AJ+",
        "AJ+",
        "تميم البرغوثي",
        "AJ+ مع تميم",
        "أشرف إبراهيم",
        "اقتصاد",
        "الجهبذ",
        "بشير نجار",
        "ليلى عبدو",
        "الوتر الحساس"
    ]
}