{
    "type": "Youtube",
    "source_url": "https://youtube.com/watch?v=1jLSPnPfJRE",
    "title": "المُخبر الاقتصادي+ | لماذا يخاف الرئيس الأمريكي من إسرائيل؟ وهل يخسر بسببها الانتخابات؟",
    "categories": [
        "Entertainment"
    ],
    "publish_date": "2023-10-31T00:00:00Z",
    "length": "00:20:39",
    "author": "AJ+ كبريت",
    "keywords": [
        "أيباك",
        "ارييل شارون",
        "اسرائيل",
        "اشرف ابراهيم",
        "الضفة الغربية فلسطين",
        "اللوبي الإسرائيلي",
        "المخبر الاقتصادي",
        "بنيامين نتنياهو",
        "جو بايدن أيباك",
        "دوايت أيزنهاور",
        "دونالد ترامب",
        "طوفان الاقصى",
        "قرية قبيا",
        "هيلاري كلينتون"
    ]
}