{
    "type": "Youtube",
    "source_url": "https://youtube.com/watch?v=XWXcA9QqO5c",
    "title": "المخبر الاقتصادي+ | لماذا تستعين إسرائيل بالشركة التي تساعد أمريكا في التجسس على العالم؟",
    "categories": [
        "Entertainment"
    ],
    "publish_date": "2024-02-03T00:00:00Z",
    "length": "00:13:56",
    "author": "AJ+ كبريت",
    "keywords": [
        "Palantir Technologies",
        "اسرائيل",
        "اليكس كارب",
        "بالانتير",
        "حرب غزة",
        "الدحيح",
        "AJ+ عربي",
        "Eldahih السليط",
        "معنى و زيادة",
        "السليط الاخباري",
        "نيكولاس خوري",
        "احمد الغندور",
        "AJ+ الدحيح",
        "AJ+ كبريت",
        "UC-4Kn",
        "السليط الاخباري الموسم الرابع",
        "نيكولاس خوري السليط الاخباري",
        "برامج AJ+",
        "برنامج الدحيح الجديد",
        "الدحيح رمضان",
        "elda7ee7",
        "elda7ee7 aj+",
        "AJ+",
        "مع تميم",
        "تميم البرغوثي",
        "AJ+ مع تميم",
        "المخبر الاقتصادي",
        "أشرف إبراهيم",
        "اقتصاد",
        "الجهبذ",
        "بشير نجار",
        "ليلى عبدو",
        "الوتر الحساس"
    ]
}