{
    "type": "Youtube",
    "source_url": "https://youtube.com/watch?v=Ut0lDa-p1qU",
    "title": "المُخبر الاقتصادي+ | كيف انهار المشروع الدفاعي الإسرائيلي في لحظات؟",
    "categories": [
        "Entertainment"
    ],
    "publish_date": "2023-10-17T00:00:00Z",
    "length": "00:19:46",
    "author": "AJ+ كبريت",
    "keywords": [
        "المشروع الدفاعي",
        "فلسطين",
        "غزة",
        "طوفان الأقصى",
        "عرب",
        "مصر",
        "رفح",
        "معبر رفح",
        "الجدار الحديدي",
        "القبة الحديدية",
        "اقتصاد"
    ]
}