{
    "type": "Youtube",
    "source_url": "https://youtube.com/watch?v=cAN1d-AxQOk",
    "title": "المُخبر الاقتصادي+ | كيف جعل فاروق القاسم النرويج أغنى دولة في العالم؟",
    "categories": [
        "Entertainment"
    ],
    "publish_date": "2023-07-22T00:00:00Z",
    "length": "00:16:15",
    "author": "AJ+ كبريت",
    "keywords": [
        "AJ+",
        "AJ+ الدحيح",
        "AJ+ عربي",
        "AJ+ كبريت",
        "AJ+ مع تميم",
        "Eldahih السليط",
        "UC-4Kn",
        "elda7ee7",
        "elda7ee7 aj+",
        "أشرف إبراهيم",
        "احمد الغندور",
        "اقتصاد",
        "الجهبذ",
        "الدحيح",
        "الدحيح رمضان",
        "السليط الاخباري",
        "السليط الاخباري الموسم الرابع",
        "المخبر الاقتصادي",
        "الوتر الحساس",
        "برامج AJ+",
        "برنامج الدحيح الجديد",
        "بشير نجار",
        "تميم البرغوثي",
        "ليلى عبدو",
        "مع تميم",
        "نيكولاس خوري",
        "نيكولاس خوري السليط الاخباري",
        "النرويج",
        "الهجرة للنرويج",
        "النفط العراقي",
        "مهندس الجيولوجيا العراقي فاروق القاسم",
        "العراقي فاروق القاسم"
    ]
}