{
    "type": "Youtube",
    "source_url": "https://youtube.com/watch?v=J1_hoL5Lfao",
    "title": "المُخبر الاقتصادي+ | لماذا دمرت إسرائيل ميناء غزة البحري؟",
    "categories": [
        "Entertainment"
    ],
    "publish_date": "2024-01-23T00:00:00Z",
    "length": "00:14:11",
    "author": "AJ+ كبريت",
    "keywords": [
        "أسطول الحرية",
        "إيهود باراك",
        "اتفاقية غزة أريحا",
        "اشرف ابراهيم",
        "اقتصاد إسرائيل",
        "المخبر الاقتصادي",
        "بنيامين نتنياهو",
        "بيل كلينتون",
        "حصار غزة",
        "سفينة مافي مرمرة التركية",
        "طوفان الأقصى",
        "غزة",
        "فلسطين",
        "مطار غزة الدولي",
        "ميناء غزة البحري",
        "ياسر عرفات",
        "الدحيح",
        "AJ+ عربي",
        "Eldahih السليط",
        "معنى و زيادة",
        "السليط الاخباري",
        "نيكولاس خوري",
        "احمد الغندور",
        "AJ+ الدحيح",
        "AJ+ كبريت",
        "UC-4Kn",
        "برامج AJ+",
        "برنامج الدحيح الجديد",
        "الدحيح رمضان",
        "elda7ee7",
        "elda7ee7 aj+",
        "AJ+",
        "أشرف إبراهيم",
        "اقتصاد"
    ]
}