{
    "type": "Youtube",
    "source_url": "https://youtube.com/watch?v=TgsrpJSimd4",
    "title": "المُخبر الاقتصادي+| لماذا ستختفي كميات ضخمة من القمح من السوق العالمي قريباً؟",
    "categories": [
        "Entertainment"
    ],
    "publish_date": "2022-05-24T00:00:00Z",
    "length": "00:13:25",
    "author": "AJ+ كبريت",
    "keywords": [
        "الهند",
        "قمح",
        "روسيا",
        "أوكرانيا",
        "مجاعة",
        "فقر",
        "الخليج",
        "العرب",
        "الدحيح",
        "AJ+ عربي",
        "Eldahih السليط",
        "معنى و زيادة",
        "السليط الاخباري",
        "نيكولاس خوري",
        "احمد الغندور",
        "AJ+ الدحيح",
        "AJ+ كبريت",
        "UC-4Kn",
        "السليط الاخباري الموسم الرابع",
        "نيكولاس خوري السليط الاخباري",
        "برامج AJ+",
        "برنامج الدحيح الجديد",
        "الدحيح رمضان",
        "elda7ee7",
        "elda7ee7 aj+",
        "AJ+",
        "مع تميم",
        "تميم البرغوثي",
        "AJ+ مع تميم",
        "المخبر الاقتصادي",
        "أشرف إبراهيم",
        "اقتصاد",
        "الجهبذ",
        "بشير نجار"
    ]
}