{
    "type": "Youtube",
    "source_url": "https://youtube.com/watch?v=66qdfgzC_aM",
    "title": "المُخبر الاقتصادي+ | كيف أنقذ هنري كسينجر \"إسرائيل\" من الهلاك؟",
    "categories": [
        "Entertainment"
    ],
    "publish_date": "2023-12-05T00:00:00Z",
    "length": "00:14:07",
    "author": "AJ+ كبريت",
    "keywords": [
        "أشرف إبراهيم",
        "إسرائيل",
        "الجيش الإسرائيلي",
        "المخبر الاقتصادي",
        "جيش الدفاع الاسرائيلي",
        "حرب 1967",
        "حرب أكتوبر 1973",
        "ريتشارد نيكسون",
        "هنري كيسنجر",
        "وزارة الدفاع الإسرائيلية"
    ]
}