{
    "type": "Youtube",
    "source_url": "https://youtube.com/watch?v=JFRijdOShGk",
    "title": "المُخبر الاقتصادي+ | لماذا تنهار البنوك الأمريكية بسرعة؟ هل تتكرر أزمة 2008؟",
    "categories": [
        "Entertainment"
    ],
    "publish_date": "2023-03-14T00:00:00Z",
    "length": "00:31:01",
    "author": "AJ+ كبريت",
    "keywords": [
        "HSBC",
        "SVB",
        "إفلاس بنك وادي السيليكون",
        "اشرف ابراهيم",
        "الاحتياطي الفدرالي",
        "المخبر الاقتصادي",
        "انهيار سيليكون فالي",
        "بنك سيليكون فالي",
        "سيغنِتشر بنك",
        "وادي السيليكون",
        "الدحيح",
        "AJ+ عربي",
        "Eldahih السليط",
        "معنى و زيادة",
        "السليط الاخباري",
        "نيكولاس خوري",
        "احمد الغندور",
        "AJ+ الدحيح",
        "AJ+ كبريت",
        "UC-4Kn",
        "السليط الاخباري الموسم الرابع",
        "نيكولاس خوري السليط الاخباري",
        "برامج AJ+",
        "الدحيح رمضان",
        "AJ+",
        "مع تميم",
        "تميم البرغوثي",
        "AJ+ مع تميم",
        "أشرف إبراهيم",
        "اقتصاد",
        "الجهبذ",
        "بشير نجار",
        "ليلى عبدو",
        "الوتر الحساس"
    ]
}