{
    "type": "Youtube",
    "source_url": "https://youtube.com/watch?v=JqAFh9OaT2Q",
    "title": "المُخبر الاقتصادي+ | كيف تنصب على أذكى الناس ألف مرة بنفس الطريقة وتسرق أموالهم؟",
    "categories": [
        "Entertainment"
    ],
    "publish_date": "2023-03-11T00:00:00Z",
    "length": "00:17:20",
    "author": "AJ+ كبريت",
    "keywords": [
        "AJ+",
        "AJ+ الدحيح",
        "AJ+ كبريت",
        "AJ+ مع تميم",
        "Eldahih السليط",
        "UC-4Kn",
        "aJ+ عربي",
        "elda7ee7",
        "elda7ee7 aj+",
        "أشرف إبراهيم",
        "احمد الغندور",
        "اقتصاد",
        "الجهبذ",
        "الدحيح",
        "الدحيح رمضان",
        "السليط الاخباري",
        "السليط الاخباري الموسم الرابع",
        "المخبر الاقتصادي",
        "برامج AJ+",
        "برنامج الدحيح الجديد",
        "بشير نجارx",
        "تميم البرغوثي",
        "مع تميم",
        "معنى و زيادة",
        "نيكولاس خوري",
        "نيكولاس خوري السليط الاخباري",
        "النصب في الاستثمار",
        "اشهر عمليات النصب في التاريخ",
        "عمليات نصف الفلوس",
        "خداع المستثمرين"
    ]
}