{
    "type": "Youtube",
    "source_url": "https://youtube.com/watch?v=I6TUHmQc1Is",
    "title": "المُخبر الاقتصادي+ | كيف جعلت روسيا اليورو أرخص من الدولار؟ هل يأخذ بوتين ثأره؟",
    "categories": [
        "Entertainment"
    ],
    "publish_date": "2022-07-23T00:00:00Z",
    "length": "00:19:26",
    "author": "AJ+ كبريت",
    "keywords": [
        "اقتصاد",
        "اقتصاد أوروبا",
        "يورو",
        "دولار",
        "تضخم",
        "هبوط العملة",
        "ارتفاع العملة",
        "هبوط اليورو",
        "روسيا",
        "روسيا أوكرانيا",
        "الاقتصاد العالمي",
        "الدحيح",
        "AJ+ عربي",
        "Eldahih السليط",
        "معنى و زيادة",
        "السليط الاخباري",
        "نيكولاس خوري",
        "احمد الغندور",
        "AJ+ الدحيح",
        "AJ+ كبريت",
        "UC-4Kn",
        "السليط الاخباري الموسم الرابع",
        "نيكولاس خوري السليط الاخباري",
        "برامج AJ+",
        "برنامج الدحيح الجديد",
        "الدحيح رمضان",
        "elda7ee7",
        "elda7ee7 aj+",
        "AJ+",
        "مع تميم",
        "تميم البرغوثي",
        "AJ+ مع تميم",
        "المخبر الاقتصادي",
        "أشرف إبراهيم",
        "الجهبذ",
        "بشير نجار"
    ]
}