{
    "type": "Youtube",
    "source_url": "https://youtube.com/watch?v=6ifsFg8hVzI",
    "title": "المُخبر الاقتصادي +| لماذا يخاف إيلون ماسك من إفلاس تويتر قريباً؟ ولماذا يطرد الموظفين؟",
    "categories": [
        "Entertainment"
    ],
    "publish_date": "2022-11-19T00:00:00Z",
    "length": "00:20:06",
    "author": "AJ+ كبريت",
    "keywords": [
        "أشرف ابراهيم",
        "أوراكل",
        "إيلون ماسك",
        "المخبر الاقتصادي+",
        "الوليد بن طلال",
        "ايلاي ليلي",
        "تسلا",
        "تويتر",
        "لاري إليسون",
        "الدحيح",
        "AJ+ عربي",
        "Eldahih السليط",
        "معنى و زيادة",
        "السليط الاخباري",
        "نيكولاس خوري",
        "احمد الغندور",
        "AJ+ الدحيح",
        "AJ+ كبريت",
        "UC-4Kn",
        "السليط الاخباري الموسم الرابع",
        "نيكولاس خوري السليط الاخباري",
        "برامج AJ+",
        "برنامج الدحيح الجديد",
        "الدحيح رمضان",
        "elda7ee7",
        "elda7ee7 aj+",
        "AJ+",
        "مع تميم",
        "تميم البرغوثي",
        "AJ+ مع تميم",
        "المخبر الاقتصادي",
        "أشرف إبراهيم",
        "اقتصاد",
        "الجهبذ",
        "بشير نجار"
    ]
}