{
    "type": "Youtube",
    "source_url": "https://youtube.com/watch?v=LOdrwmhoMfM",
    "title": "المخبر الاقتصادي+ | كيف يتحكم نظام \"علاء الدين\" في ثروات العالم؟ ما سر خطورة سلاح \"بلاك روك\" القوي؟",
    "categories": [
        "Entertainment"
    ],
    "publish_date": "2023-08-01T00:00:00Z",
    "length": "00:16:51",
    "author": "AJ+ كبريت",
    "keywords": [
        "اقتصاد",
        "المخبر الاقتصادي+",
        "بلاك روك",
        "علاء الدين",
        "وول ستريت",
        "الدحيح",
        "AJ+ عربي",
        "Eldahih السليط",
        "معنى و زيادة",
        "السليط الاخباري",
        "نيكولاس خوري",
        "احمد الغندور",
        "AJ+ الدحيح",
        "AJ+ كبريت",
        "UC-4Kn",
        "السليط الاخباري الموسم الرابع",
        "نيكولاس خوري السليط الاخباري",
        "برامج AJ+",
        "برنامج الدحيح الجديد",
        "الدحيح رمضان",
        "elda7ee7",
        "elda7ee7 aj+",
        "AJ+",
        "مع تميم",
        "تميم البرغوثي",
        "AJ+ مع تميم",
        "المخبر الاقتصادي",
        "أشرف إبراهيم",
        "الجهبذ",
        "بشير نجار",
        "ليلى عبدو",
        "الوتر الحساس",
        "أمريكا"
    ]
}