{
    "type": "Youtube",
    "source_url": "https://youtube.com/watch?v=ZNRl-vhHJDA",
    "title": "المُخبر الاقتصادي+ | كيف خططت بريطانيا لكسر منظمة أوبك وضرب مصالح السعودية عبر غزو العراق؟",
    "categories": [
        "Entertainment"
    ],
    "publish_date": "2024-04-06T00:00:00Z",
    "length": "00:14:30",
    "author": "AJ+ كبريت",
    "keywords": [
        "أشرف ابراهيم",
        "أمريكا",
        "أوبك. النفط",
        "احتجاجات",
        "البنزين",
        "السعودية",
        "العراق",
        "الغزو الأمريكي للعراق",
        "المارينز",
        "المحروقات",
        "المخبر الاقتصادي",
        "الملك فهد بن عبد العزيز",
        "النفط العراقي",
        "بريطانيا",
        "توني بلير",
        "جاك شيراك",
        "حزب البعث",
        "سقوط بغداد",
        "صدام حسين",
        "غلاء الأسعار",
        "فرنسا",
        "مظاهرات",
        "الدحيح",
        "AJ+ عربي",
        "Eldahih السليط",
        "السليط الاخباري",
        "نيكولاس خوري",
        "احمد الغندور",
        "AJ+ كبريت",
        "UC-4Kn",
        "برامج AJ+",
        "الدحيح رمضان",
        "تميم البرغوثي",
        "AJ+ مع تميم",
        "أشرف إبراهيم",
        "اقتصاد",
        "الجهبذ",
        "بشير نجار",
        "ليلى عبدو",
        "الوتر الحساس"
    ]
}