{
    "type": "Youtube",
    "source_url": "https://youtube.com/watch?v=mRIVqO8g9s4",
    "title": "المُخبر الاقتصادي+ | كيف تخطط إسرائيل للقضاء على مظاهرات الجامعات في أمريكا؟ لماذا الطلاب في خطر؟",
    "categories": [
        "Entertainment"
    ],
    "publish_date": "2024-04-30T00:00:00Z",
    "length": "00:30:33",
    "author": "AJ+ كبريت",
    "keywords": [
        "أمريكا",
        "اسرائيل",
        "اشرف ابراهيم",
        "الجامعات الأمريكية",
        "الكونغرس الأمريكي",
        "المخبر الاقتصادي",
        "ثورة الطلاب الأمرييكين",
        "جامعة كولومبيا",
        "جامعة هارفارد",
        "غزة",
        "فلسطين",
        "كلودين جاي",
        "مظاهرات طلابية",
        "نعمت شفيق",
        "الدحيح",
        "AJ+ عربي",
        "Eldahih السليط",
        "معنى و زيادة",
        "السليط الاخباري",
        "نيكولاس خوري",
        "احمد الغندور",
        "AJ+ الدحيح",
        "AJ+ كبريت",
        "UC-4Kn",
        "السليط الاخباري الموسم الرابع",
        "نيكولاس خوري السليط الاخباري",
        "برامج AJ+",
        "برنامج الدحيح الجديد",
        "الدحيح رمضان",
        "elda7ee7",
        "elda7ee7 aj+",
        "AJ+",
        "مع تميم",
        "تميم البرغوثي"
    ]
}