{
    "type": "Youtube",
    "source_url": "https://youtube.com/watch?v=BJgmqoPrTcw",
    "title": "المخبر الاقتصادي+ | كيف تخطط الصين لضرب اقتصاد أمريكا بسلاح العناصر النادرة؟",
    "categories": [
        "Entertainment"
    ],
    "publish_date": "2023-08-05T00:00:00Z",
    "length": "00:17:23",
    "author": "AJ+ كبريت",
    "keywords": [
        "أمريكا",
        "اقتصاد",
        "الصين",
        "المعادن النادرة",
        "معادن",
        "منجم بايان أوبو",
        "منجم ماوتين باس",
        "الدحيح",
        "AJ+ عربي",
        "Eldahih السليط",
        "معنى و زيادة",
        "السليط الاخباري",
        "نيكولاس خوري",
        "احمد الغندور",
        "AJ+ الدحيح",
        "AJ+ كبريت",
        "UC-4Kn",
        "السليط الاخباري الموسم الرابع",
        "نيكولاس خوري السليط الاخباري",
        "برامج AJ+",
        "برنامج الدحيح الجديد",
        "الدحيح رمضان",
        "elda7ee7",
        "elda7ee7 aj+",
        "AJ+",
        "مع تميم",
        "تميم البرغوثي",
        "AJ+ مع تميم",
        "المخبر الاقتصادي",
        "أشرف إبراهيم",
        "الجهبذ",
        "بشير نجار",
        "ليلى عبدو",
        "الوتر الحساس"
    ]
}