{
    "type": "Youtube",
    "source_url": "https://youtube.com/watch?v=w8tsWDdsuiQ",
    "title": "المُخبر الاقتصادي +| لماذا تندم بريطانيا على خروجها من الاتحاد الأوروبي وتلوم بوتين؟",
    "categories": [
        "Entertainment"
    ],
    "publish_date": "2022-12-31T00:00:00Z",
    "length": "00:17:46",
    "author": "AJ+ كبريت",
    "keywords": [
        "أوروبا",
        "اقتصاد بريطانيا",
        "الاتحاد الاوروبي",
        "بريطانيا",
        "بريكسيت",
        "حرب أوكرانيا",
        "فلاديمير بوتين",
        "الدحيح",
        "AJ+ عربي",
        "Eldahih السليط",
        "معنى و زيادة",
        "السليط الاخباري",
        "نيكولاس خوري",
        "احمد الغندور",
        "AJ+ الدحيح",
        "AJ+ كبريت",
        "UC-4Kn",
        "السليط الاخباري الموسم الرابع",
        "نيكولاس خوري السليط الاخباري",
        "برامج AJ+",
        "برنامج الدحيح الجديد",
        "الدحيح رمضان",
        "elda7ee7",
        "elda7ee7 aj+",
        "AJ+",
        "مع تميم",
        "تميم البرغوثي",
        "AJ+ مع تميم",
        "المخبر الاقتصادي",
        "أشرف إبراهيم",
        "اقتصاد",
        "الجهبذ",
        "بشير نجار",
        "ليلى عبدو",
        "الوتر الحساس"
    ]
}