{
    "type": "Youtube",
    "source_url": "https://youtube.com/watch?v=bnXcQ4iNlI8",
    "title": "المُخبر الاقتصادي+ | أين اختفى زيت عباد الشمس؟ ولماذا ترتفع أسعار زيوت الطعام؟",
    "categories": [
        "Entertainment"
    ],
    "publish_date": "2022-07-02T00:00:00Z",
    "length": "00:13:40",
    "author": "AJ+ كبريت",
    "keywords": [
        "AJ+",
        "AJ+ الدحيح",
        "AJ+ كبريت",
        "AJ+ مع تميم",
        "Eldahih السليط",
        "UC-4Kn",
        "aJ+ عربي",
        "elda7ee7",
        "elda7ee7 aj+",
        "أشرف إبراهيم",
        "احمد الغندور",
        "اقتصاد",
        "الجهبذ",
        "الدحيح",
        "السليط الاخباري",
        "السليط الاخباري الموسم الرابع",
        "المخبر الاقتصادي",
        "برامج AJ+",
        "برنامج الدحيح الجديد",
        "تميم البرغوثي",
        "مع تميم",
        "معنى و زيادة",
        "نيكولاس خوري",
        "نيكولاس خوري السليط الاخباري",
        "أزمة الزيوت",
        "زيت النخيل",
        "زيت دوار الشمس",
        "زيت فول الصويا",
        "زيت بذور اللفت",
        "ارتفاع أسعار الزيوت",
        "حرب روسيا وأوكرانيا",
        "طبخ الطعام بدون زيت"
    ]
}