{
    "type": "Youtube",
    "source_url": "https://youtube.com/watch?v=fiAhUGiVHWw",
    "title": "المُخبر الاقتصادي+ | لماذا دخلت أمريكا والصين في صراع على المهندسين؟ ومن يحمي هؤلاء المهندسين؟",
    "categories": [
        "Entertainment"
    ],
    "publish_date": "2022-08-30T00:00:00Z",
    "length": "00:17:27",
    "author": "AJ+ كبريت",
    "keywords": [
        "chips",
        "taiwan",
        "أزمة الرقائق",
        "أمريكا",
        "تايوان",
        "رقائق إلكترونية",
        "الدحيح",
        "AJ+ عربي",
        "Eldahih السليط",
        "معنى و زيادة",
        "السليط الاخباري",
        "نيكولاس خوري",
        "احمد الغندور",
        "AJ+ الدحيح",
        "AJ+ كبريت",
        "UC-4Kn",
        "السليط الاخباري الموسم الرابع",
        "نيكولاس خوري السليط الاخباري",
        "برامج AJ+",
        "برنامج الدحيح الجديد",
        "الدحيح رمضان",
        "elda7ee7",
        "elda7ee7 aj+",
        "AJ+",
        "مع تميم",
        "تميم البرغوثي",
        "AJ+ مع تميم",
        "المخبر الاقتصادي",
        "أشرف إبراهيم",
        "اقتصاد",
        "الجهبذ",
        "بشير نجار"
    ]
}