{
    "type": "Youtube",
    "source_url": "https://youtube.com/watch?v=6WbbXNmqtS4",
    "title": "المُخبر الاقتصادي+ | هل تستطيع أقوى امرأة في أمريكا هزيمة أقوى امرأة في روسيا؟ من يستسلم أولاً؟",
    "categories": [
        "Entertainment"
    ],
    "publish_date": "2023-03-04T00:00:00Z",
    "length": "00:17:43",
    "author": "AJ+ كبريت",
    "keywords": [
        "إلفيرا نابيولينا",
        "اشرف ابراهيم",
        "البنك المركزي الروسي",
        "المخبر الاقتصادي",
        "باراك أوباما",
        "بايدن",
        "بوتين",
        "جانيت يلين",
        "جيروم باول",
        "روسيا",
        "عقوبات اقتصادية",
        "هيلاري كلينتون",
        "وزيرة الخزانة الأمريكية",
        "الدحيح",
        "AJ+ عربي",
        "Eldahih السليط",
        "معنى و زيادة",
        "السليط الاخباري",
        "نيكولاس خوري",
        "احمد الغندور",
        "AJ+ الدحيح",
        "AJ+ كبريت",
        "UC-4Kn",
        "السليط الاخباري الموسم الرابع",
        "برامج AJ+",
        "برنامج الدحيح الجديد",
        "elda7ee7",
        "elda7ee7 aj+",
        "AJ+",
        "مع تميم",
        "تميم البرغوثي",
        "أشرف إبراهيم",
        "اقتصاد",
        "الجهبذ"
    ]
}