{
    "type": "Youtube",
    "source_url": "https://youtube.com/watch?v=E7GqrhfEZug",
    "title": "المُخبر الاقتصادي+ | هل ستعاني إسرائيل من أزمة غذاء قريباً؟ وكيف يحاصر قطاعها الزراعي؟",
    "categories": [
        "Entertainment"
    ],
    "publish_date": "2023-12-19T00:00:00Z",
    "length": "00:15:55",
    "author": "AJ+ كبريت",
    "keywords": [
        "اشرف ابراهيم",
        "الاسطيتان الحدودوي",
        "الاقتصاد الاسرائيلي",
        "الانتفاضة الفلسطينية الأولى",
        "الحوثيين",
        "الزراعة الإسرائيلية",
        "العصابات الصهيونية",
        "العمال التايلنديين",
        "المخبر الاقتصادي",
        "المستوطنالت الاسرائيلية",
        "اليمن",
        "حماس",
        "طوفان الأقصى",
        "عسقلان",
        "غزة",
        "فلسطين",
        "ميناء إيلات",
        "ميناء حيفا",
        "نتنياهو",
        "الدحيح",
        "AJ+ عربي",
        "Eldahih السليط",
        "معنى و زيادة",
        "السليط الاخباري",
        "نيكولاس خوري",
        "احمد الغندور",
        "AJ+ الدحيح",
        "AJ+ كبريت",
        "UC-4Kn",
        "السليط الاخباري الموسم الرابع",
        "نيكولاس خوري السليط الاخباري",
        "برامج AJ+"
    ]
}