{
    "type": "Youtube",
    "source_url": "https://youtube.com/watch?v=dVb7u8JDTgg",
    "title": "المُخبر الاقتصادي+ | لماذا تهاجم ألمانيا مصالح فرنسا الاقتصادية؟ هل يكره الألمان ماكرون؟",
    "categories": [
        "Entertainment"
    ],
    "publish_date": "2022-11-01T00:00:00Z",
    "length": "00:14:56",
    "author": "AJ+ كبريت",
    "keywords": [
        "AJ+",
        "AJ+ الدحيح",
        "AJ+ كبريت",
        "AJ+ مع تميم",
        "Eldahih السليط",
        "UC-4Kn",
        "aJ+ عربي",
        "elda7ee7",
        "elda7ee7 aj+",
        "أشرف إبراهيم",
        "ألمانيا",
        "ألمانيا وفرنسا",
        "أولاف شولتس",
        "احمد الغندور",
        "ازمة الطاقة",
        "اقتصاد",
        "الجهبذ",
        "الدحيح",
        "الدحيح رمضان",
        "السليط الاخباري",
        "السليط الاخباري الموسم الرابع",
        "المخبر الاقتصادي",
        "المستشار الألماني",
        "برامج AJ+",
        "برنامج الدحيح الجديد",
        "بشير نجار",
        "تميم البرغوثي",
        "سعر الغاز",
        "فرنسا",
        "مع تميم",
        "معنى و زيادة",
        "نيكولاس خوري",
        "نيكولاس خوري السليط الاخباري"
    ]
}