{
    "type": "Youtube",
    "source_url": "https://youtube.com/watch?v=aaxS8RpeDtc",
    "title": "المخبر الاقتصادي+ | هل يستطيع سلاح النفط تدمير الاقتصاد الإسرائيلي؟ ماذا لو قطع البترول عن إسرائيل؟",
    "categories": [
        "Entertainment"
    ],
    "publish_date": "2024-01-20T00:00:00Z",
    "length": "00:20:49",
    "author": "AJ+ كبريت",
    "keywords": [
        "أزمة النفط",
        "إيران",
        "اسرائيل",
        "الغاز الطبيعي",
        "المخبر الاقتصادي",
        "النفط الإسرائيلي",
        "النفط المصري",
        "حظر إسرائيل",
        "غزة",
        "الدحيح",
        "AJ+ عربي",
        "Eldahih السليط",
        "معنى و زيادة",
        "السليط الاخباري",
        "نيكولاس خوري",
        "احمد الغندور",
        "AJ+ الدحيح",
        "AJ+ كبريت",
        "UC-4Kn",
        "السليط الاخباري الموسم الرابع",
        "نيكولاس خوري السليط الاخباري",
        "برامج AJ+",
        "برنامج الدحيح الجديد",
        "الدحيح رمضان",
        "elda7ee7",
        "elda7ee7 aj+",
        "AJ+",
        "مع تميم",
        "تميم البرغوثي",
        "AJ+ مع تميم",
        "أشرف إبراهيم",
        "اقتصاد",
        "الجهبذ",
        "بشير نجار",
        "ليلى عبدو",
        "الوتر الحساس"
    ]
}