{
    "type": "Youtube",
    "source_url": "https://youtube.com/watch?v=nm_fxTOIWyY",
    "title": "المُخبر الاقتصادي+ | كيف أصبحت البرازيل أكبر مصدر للدجاج \"الرخيص\" في العالم؟",
    "categories": [
        "Entertainment"
    ],
    "publish_date": "2023-08-26T00:00:00Z",
    "length": "00:15:09",
    "author": "AJ+ كبريت",
    "keywords": [
        "اشرف ابراهيم",
        "الدجاج البرازيلي",
        "الدجاج البرازيلي حلال أم حرام",
        "الدجاج المجمد",
        "المخبر الاقتصادي",
        "دجاج برازيلي حلال",
        "ساديا دجاج",
        "شروط الذبح الحلال للطيور",
        "الدحيح",
        "AJ+ عربي",
        "Eldahih السليط",
        "معنى و زيادة",
        "السليط الاخباري",
        "نيكولاس خوري",
        "احمد الغندور",
        "AJ+ الدحيح",
        "AJ+ كبريت",
        "UC-4Kn",
        "السليط الاخباري الموسم الرابع",
        "نيكولاس خوري السليط الاخباري",
        "برامج AJ+",
        "برنامج الدحيح الجديد",
        "الدحيح رمضان",
        "elda7ee7",
        "elda7ee7 aj+",
        "AJ+",
        "مع تميم",
        "تميم البرغوثي",
        "AJ+ مع تميم",
        "أشرف إبراهيم",
        "اقتصاد",
        "الجهبذ"
    ]
}