{
    "type": "Youtube",
    "source_url": "https://youtube.com/watch?v=P4bJJ1JG9YQ",
    "title": "المُخبر الاقتصادي+ | لماذا دعا تحالف بريكس مصر والسعودية والإمارات للانضمام إليه؟",
    "categories": [
        "Entertainment"
    ],
    "publish_date": "2023-08-29T00:00:00Z",
    "length": "00:20:36",
    "author": "AJ+ كبريت",
    "keywords": [
        "اشرف ابراهيم",
        "الدول الاعضاء في بريكس",
        "المخبر الاقتصادي",
        "انضمام 6 دول جديدة إلى مجموعة بريكس",
        "بريكس الامارات",
        "بريكس السعودية",
        "بريكس المخبر الاقتصادي",
        "بريكس عملة موحدة",
        "بريكس ومصر",
        "شروط منظمة بريكس",
        "مجموعة بريكس الاقتصادية",
        "مصر والسعودية والامارات",
        "منظمة بريكس"
    ]
}