{
    "type": "Youtube",
    "source_url": "https://youtube.com/watch?v=DglwTIyrYzA",
    "title": "المُخبر الاقتصادي+| لماذا لم ينهر قطاع الطيران الروسي رغم العقوبات؟ هل تصنع روسيا طائراتها بنفسها؟",
    "categories": [
        "Entertainment"
    ],
    "publish_date": "2023-01-28T00:00:00Z",
    "length": "00:14:29",
    "author": "AJ+ كبريت",
    "keywords": [
        "AJ+",
        "AJ+ الدحيح",
        "AJ+ كبريت",
        "AJ+ مع تميم",
        "Eldahih السليط",
        "UC-4Kn",
        "aJ+ عربي",
        "elda7ee7",
        "elda7ee7 aj+",
        "أشرف إبراهيم",
        "احمد الغندور",
        "اقتصاد",
        "الجهبذ",
        "الدحيح",
        "الدحيح رمضان",
        "السليط الاخباري",
        "السليط الاخباري الموسم الرابع",
        "المخبر الاقتصادي",
        "الوتر الحساس",
        "برامج AJ+",
        "برنامج الدحيح الجديد",
        "بشير نجار",
        "تميم البرغوثي",
        "ليلى عبدو",
        "مع تميم",
        "معنى و زيادة",
        "نيكولاس خوري",
        "نيكولاس خوري السليط الاخباري",
        "الطائرات الروسية",
        "الطيران الروسي",
        "الرحلات الروسية",
        "السفر إلى روسيا",
        "مطار روسيا"
    ]
}