{
    "type": "Youtube",
    "source_url": "https://youtube.com/watch?v=wPwFbw1uKXs",
    "title": "المُخبر الاقتصادي+ | كيف ستعيش دول الخليج بعد انتهاء ثروات النفط والغاز؟",
    "categories": [
        "Entertainment"
    ],
    "publish_date": "2023-05-27T00:00:00Z",
    "length": "00:16:41",
    "author": "AJ+ كبريت",
    "keywords": [
        "اشرف ابراهيم",
        "اكتشاف النفط في الخليج",
        "البتروكيماويات في السعودية",
        "السعودية",
        "المخبر الاقتصادي",
        "انتاج نفط الكويت",
        "دول مجلس التعاون الخليجي",
        "عُمان",
        "غاز طبيعي",
        "قطر",
        "ماليزيا",
        "نفط السعودية وقطر",
        "AJ+ عربي",
        "Eldahih السليط",
        "السليط الاخباري",
        "نيكولاس خوري",
        "AJ+ كبريت",
        "UC-4Kn",
        "نيكولاس خوري السليط الاخباري",
        "برامج AJ+",
        "برنامج الدحيح الجديد",
        "الدحيح رمضان",
        "elda7ee7",
        "elda7ee7 aj+",
        "AJ+",
        "مع تميم",
        "تميم البرغوثي",
        "AJ+ مع تميم",
        "أشرف إبراهيم",
        "اقتصاد",
        "الجهبذ",
        "بشير نجار",
        "ليلى عبدو",
        "الوتر الحساس"
    ]
}