{
    "type": "Youtube",
    "source_url": "https://youtube.com/watch?v=RcxjBpvY0mA",
    "title": "المُخبر الاقتصادي +| لماذا ستصبح الحكومة الأمريكية بلا أي دولارات قريباً؟ هل تبيع احتياطي الذهب؟",
    "categories": [
        "Entertainment"
    ],
    "publish_date": "2022-12-27T00:00:00Z",
    "length": "00:18:19",
    "author": "AJ+ كبريت",
    "keywords": [
        "أمريكا",
        "الدحيح",
        "AJ+ عربي",
        "Eldahih السليط",
        "معنى و زيادة",
        "السليط الاخباري",
        "نيكولاس خوري",
        "احمد الغندور",
        "AJ+ الدحيح",
        "AJ+ كبريت",
        "UC-4Kn",
        "السليط الاخباري الموسم الرابع",
        "نيكولاس خوري السليط الاخباري",
        "برامج AJ+",
        "برنامج الدحيح الجديد",
        "الدحيح رمضان",
        "elda7ee7",
        "elda7ee7 aj+",
        "AJ+",
        "مع تميم",
        "تميم البرغوثي",
        "AJ+ مع تميم",
        "المخبر الاقتصادي",
        "أشرف إبراهيم",
        "اقتصاد",
        "الجهبذ",
        "بشير نجار",
        "ليلى عبدو",
        "الوتر الحساس",
        "دولار",
        "إفلاس",
        "ذهب",
        "كونغرس",
        "دين",
        "خزانة",
        "موازنة"
    ]
}