{
    "type": "Youtube",
    "source_url": "https://youtube.com/watch?v=J9WjBkcdBLE",
    "title": "المُخبر الاقتصادي + | لماذا ترفض شركات النفط الأمريكية إنقاذ أمريكا من قبضة أوبك وروسيا؟",
    "categories": [
        "Entertainment"
    ],
    "publish_date": "2023-01-17T00:00:00Z",
    "length": "00:16:23",
    "author": "AJ+ كبريت",
    "keywords": [
        "أوبك",
        "أوكرانيا",
        "النفط الخام",
        "روسيا",
        "طاقة",
        "نفط",
        "نفط أمريكا",
        "الدحيح",
        "AJ+ عربي",
        "Eldahih السليط",
        "معنى و زيادة",
        "السليط الاخباري",
        "نيكولاس خوري",
        "احمد الغندور",
        "AJ+ الدحيح",
        "AJ+ كبريت",
        "UC-4Kn",
        "السليط الاخباري الموسم الرابع",
        "نيكولاس خوري السليط الاخباري",
        "برامج AJ+",
        "برنامج الدحيح الجديد",
        "الدحيح رمضان",
        "elda7ee7",
        "elda7ee7 aj+",
        "AJ+",
        "مع تميم",
        "تميم البرغوثي",
        "AJ+ مع تميم",
        "المخبر الاقتصادي",
        "أشرف إبراهيم",
        "اقتصاد",
        "الجهبذ",
        "بشير نجار",
        "ليلى عبدو",
        "الوتر الحساس"
    ]
}