{
    "type": "Youtube",
    "source_url": "https://youtube.com/watch?v=wUMdMWhgMGk",
    "title": "المخبر الاقتصادي+ | لماذا تقترض فرنسا بشراهة؟ وكيف تحاول توفير المال للجيش الذي قد يواجه روسيا؟",
    "categories": [
        "Entertainment"
    ],
    "publish_date": "2024-06-04T00:00:00Z",
    "length": "00:18:49",
    "author": "AJ+ كبريت",
    "keywords": [
        "أزمة الطاقة",
        "أسعار الطاقة العالمية",
        "أشرف ابراهيم",
        "أنتوني بليينكن",
        "أوكرانيا",
        "أولاف شولتس",
        "إيمانويل ماكرون",
        "الاتحاد الأوروبي",
        "الايليزيه",
        "البنوك",
        "الجيش الروسي",
        "الحرب الروسية الأوكرانية",
        "الشانزلزيه",
        "القروض",
        "القروض الأوروبية",
        "المخبر الاقتصادي",
        "فرنسا",
        "منظمة الصحة العالمية",
        "الدحيح",
        "نيكولاس خوري",
        "احمد الغندور",
        "AJ+ الدحيح",
        "AJ+ كبريت",
        "UC-4Kn",
        "برامج AJ+",
        "برنامج الدحيح الجديد",
        "elda7ee7",
        "elda7ee7 aj+",
        "AJ+",
        "تميم البرغوثي",
        "AJ+ مع تميم",
        "أشرف إبراهيم",
        "اقتصاد",
        "الجهبذ",
        "ليلى عبدو",
        "الوتر الحساس"
    ]
}