{
    "type": "Youtube",
    "source_url": "https://youtube.com/watch?v=b476cT57MhA",
    "title": "المُخبر الاقتصادي+ | كيف تسرق إسرائيل أموال الفلسطينين بخطة محكمة؟",
    "categories": [
        "Entertainment"
    ],
    "publish_date": "2024-02-10T00:00:00Z",
    "length": "00:13:25",
    "author": "AJ+ كبريت",
    "keywords": [
        "اتفاقية أوسلو",
        "اسرائيل",
        "اشرف ابراهيم",
        "الأردن",
        "السلطة الفلسطينية",
        "الضفة الغربية",
        "المخبر الاقتصادي",
        "المقاصة",
        "النرويج",
        "بتسلئيل سموتريتش",
        "بنيماين نتنياهو",
        "طوفان الاقصى",
        "غزة",
        "محمد اشتية",
        "مصر",
        "يوناس جار ستوره",
        "الدحيح",
        "AJ+ عربي",
        "Eldahih السليط",
        "معنى و زيادة",
        "السليط الاخباري",
        "نيكولاس خوري",
        "احمد الغندور",
        "AJ+ كبريت",
        "UC-4Kn",
        "نيكولاس خوري السليط الاخباري",
        "برامج AJ+",
        "elda7ee7 aj+",
        "AJ+",
        "مع تميم",
        "تميم البرغوثي",
        "AJ+ مع تميم",
        "أشرف إبراهيم",
        "اقتصاد",
        "الجهبذ",
        "بشير نجار",
        "ليلى عبدو",
        "الوتر الحساس"
    ]
}