{
    "type": "Youtube",
    "source_url": "https://youtube.com/watch?v=GPE0ygyJ-70",
    "title": "المُخبر الاقتصادي+ | كيف ترفع الشركات أسعار المنتجات بدون أن يشعر المستهلكين؟",
    "categories": [
        "Entertainment"
    ],
    "publish_date": "2023-05-16T00:00:00Z",
    "length": "00:15:12",
    "author": "AJ+ كبريت",
    "keywords": [
        "أحجام المنتجات وأسعارها",
        "أسعار المنتجات ترتفع",
        "اشرف ابراهيم",
        "الحرب بين روسيا وأوكرانيا",
        "المخبر الاقتصادي",
        "تقليص أحجام عبوات المنتجات",
        "دوريتوس",
        "زيت النخيل",
        "زيت دوار الشمس",
        "الدحيح",
        "AJ+ عربي",
        "Eldahih السليط",
        "معنى و زيادة",
        "السليط الاخباري",
        "نيكولاس خوري",
        "احمد الغندور",
        "AJ+ الدحيح",
        "AJ+ كبريت",
        "UC-4Kn",
        "السليط الاخباري الموسم الرابع",
        "نيكولاس خوري السليط الاخباري",
        "برامج AJ+",
        "برنامج الدحيح الجديد",
        "الدحيح رمضان",
        "elda7ee7",
        "elda7ee7 aj+",
        "AJ+",
        "مع تميم",
        "تميم البرغوثي",
        "اقتصاد"
    ]
}