{
    "type": "Youtube",
    "source_url": "https://youtube.com/watch?v=1i7WFyUFBbI",
    "title": "المُخبر الاقتصادي + | كيف بنى المهاجرون المغاربيون اقتصاد فرنسا الحديث وعاشوا في جحيم؟",
    "categories": [
        "Entertainment"
    ],
    "publish_date": "2022-12-24T00:00:00Z",
    "length": "00:20:44",
    "author": "AJ+ كبريت",
    "keywords": [
        "الجزائر",
        "المغرب العربي",
        "المغرب الكبير",
        "تونس",
        "ثروات المغرب",
        "فرنسا",
        "هجرة",
        "هجرة المغاربة",
        "الدحيح",
        "AJ+ عربي",
        "Eldahih السليط",
        "معنى و زيادة",
        "السليط الاخباري",
        "نيكولاس خوري",
        "احمد الغندور",
        "AJ+ الدحيح",
        "AJ+ كبريت",
        "UC-4Kn",
        "السليط الاخباري الموسم الرابع",
        "نيكولاس خوري السليط الاخباري",
        "برامج AJ+",
        "برنامج الدحيح الجديد",
        "الدحيح رمضان",
        "elda7ee7",
        "elda7ee7 aj+",
        "AJ+",
        "مع تميم",
        "تميم البرغوثي",
        "AJ+ مع تميم",
        "المخبر الاقتصادي",
        "أشرف إبراهيم",
        "اقتصاد",
        "الجهبذ",
        "بشير نجار",
        "ليلى عبدو",
        "الوتر الحساس"
    ]
}