{
    "type": "Youtube",
    "source_url": "https://youtube.com/watch?v=10mTugt3pB0",
    "title": "المُخبر الاقتصادي+ | كيف تسبب إفلاس \"إف تي إكس\" في ضياع أموال الملايين؟ هل حدثت خيانة؟",
    "categories": [
        "Entertainment"
    ],
    "publish_date": "2022-11-15T00:00:00Z",
    "length": "00:18:23",
    "author": "AJ+ كبريت",
    "keywords": [
        "BINANCE",
        "FTT",
        "FTX",
        "إف تي إكس",
        "إف تي تي",
        "بينانس",
        "تداول عملات رقمية",
        "عملات رقمية"
    ]
}