{
    "type": "Youtube",
    "source_url": "https://youtube.com/watch?v=0HM7bPaWjho",
    "title": "المُخبر الاقتصادي+ | كيف فاجأت تركيا إسرائيل؟ هل أصبح الاقتصاد الإسرائيلي في خطر؟",
    "categories": [
        "Entertainment"
    ],
    "publish_date": "2024-05-18T00:00:00Z",
    "length": "00:27:19",
    "author": "AJ+ كبريت",
    "keywords": [
        "أردوغان",
        "أسطول الحرية",
        "أشرف إبراهيم",
        "إسرائيل",
        "الاقتصاد الإسرائيلي",
        "الاقتصادي التركي",
        "المخبر الاقتصادي",
        "تجارة إسرائيل وتركيا",
        "تركيا",
        "حزب العدالة والتنمية",
        "صادرات تركيا لإسرائيل",
        "طوفان الأقصى",
        "غزة",
        "فلسطين",
        "كمال أتاتورك",
        "مافي مرمرة",
        "موانئ إسرائيل",
        "نتنياهو",
        "نفط أذربيجان",
        "نفط إسرائيل",
        "الدحيح",
        "AJ+ عربي",
        "Eldahih السليط",
        "معنى و زيادة",
        "السليط الاخباري",
        "نيكولاس خوري",
        "احمد الغندور",
        "AJ+ كبريت",
        "UC-4Kn",
        "elda7ee7",
        "AJ+",
        "مع تميم",
        "AJ+ مع تميم",
        "اقتصاد",
        "الجهبذ",
        "بشير نجار",
        "ليلى عبدو",
        "الوتر الحساس"
    ]
}