{
    "type": "Youtube",
    "source_url": "https://youtube.com/watch?v=o_NdiQ8_Olg",
    "title": "المُخبر الاقتصادي+ | هل تضرب أمريكا مصانع أهم شركة في العالم لردع الصين عن غزو تايوان؟",
    "categories": [
        "Entertainment"
    ],
    "publish_date": "2022-08-13T00:00:00Z",
    "length": "00:17:03",
    "author": "AJ+ كبريت",
    "keywords": [
        "أمريكا",
        "إقتصاد",
        "الرقائق الالكترونية",
        "الصين",
        "بايدن",
        "تايوان",
        "تكنولوجيا",
        "حرب",
        "نانسي بيلوسي",
        "خبراء",
        "ذكاء",
        "الدحيح",
        "AJ+ عربي",
        "Eldahih السليط",
        "معنى و زيادة",
        "السليط الاخباري",
        "نيكولاس خوري",
        "احمد الغندور",
        "AJ+ الدحيح",
        "AJ+ كبريت",
        "UC-4Kn",
        "السليط الاخباري الموسم الرابع",
        "نيكولاس خوري السليط الاخباري",
        "برامج AJ+",
        "برنامج الدحيح الجديد",
        "الدحيح رمضان",
        "elda7ee7",
        "elda7ee7 aj+",
        "AJ+",
        "مع تميم",
        "تميم البرغوثي",
        "AJ+ مع تميم",
        "المخبر الاقتصادي",
        "أشرف إبراهيم",
        "اقتصاد",
        "الجهبذ",
        "بشير نجار"
    ]
}