{
    "type": "Youtube",
    "source_url": "https://youtube.com/watch?v=Cr1eZdDDEio",
    "title": "المُخبر الاقتصادي+ | كيف وجهت الصين ضربة قوية لأهم ميناء في إسرائيل؟",
    "categories": [
        "Entertainment"
    ],
    "publish_date": "2024-01-16T00:00:00Z",
    "length": "00:16:15",
    "author": "AJ+ كبريت",
    "keywords": [
        "أشدود",
        "إيطاليا",
        "اشرف ابراهيم",
        "اقتصاد إسرائيل",
        "الحوثيين",
        "الشاباك",
        "الصين",
        "الصين وإيران",
        "الصين واسرائيل",
        "المخبر الاقتصادي",
        "اليونان",
        "حصار",
        "حيفا",
        "طوفان الأقصى",
        "عسقلان",
        "غزة",
        "فرنسا",
        "فلسطين",
        "كوسكو",
        "مجموعة شنغهاي الدولية للموانئ",
        "ميناء إيلات",
        "الدحيح",
        "AJ+ عربي",
        "Eldahih السليط",
        "معنى و زيادة",
        "السليط الاخباري",
        "نيكولاس خوري",
        "احمد الغندور",
        "AJ+ الدحيح",
        "AJ+ كبريت",
        "UC-4Kn",
        "السليط الاخباري الموسم الرابع",
        "نيكولاس خوري السليط الاخباري",
        "برامج AJ+",
        "برنامج الدحيح الجديد",
        "الدحيح رمضان",
        "elda7ee7",
        "elda7ee7 aj+",
        "AJ+"
    ]
}