{
    "type": "Youtube",
    "source_url": "https://youtube.com/watch?v=k8EYOY-vuo0",
    "title": "المُخبر الاقتصادي+ | هل تنجح خطة أمريكا وأوروبا لاستنزاف اقتصاد روسيا لآخر قطرة؟",
    "categories": [
        "Entertainment"
    ],
    "publish_date": "2023-01-21T00:00:00Z",
    "length": "00:15:22",
    "author": "AJ+ كبريت",
    "keywords": [
        "أشرف ابراهيم",
        "المخبر الاقتصادي",
        "النفط الروسي",
        "روسيا وأوكرانيا",
        "الدحيح",
        "AJ+ عربي",
        "Eldahih السليط",
        "معنى و زيادة",
        "السليط الاخباري",
        "نيكولاس خوري",
        "احمد الغندور",
        "AJ+ الدحيح",
        "AJ+ كبريت",
        "UC-4Kn",
        "السليط الاخباري الموسم الرابع",
        "نيكولاس خوري السليط الاخباري",
        "برامج AJ+",
        "برنامج الدحيح الجديد",
        "الدحيح رمضان",
        "elda7ee7",
        "elda7ee7 aj+",
        "AJ+",
        "مع تميم",
        "تميم البرغوثي",
        "AJ+ مع تميم",
        "أشرف إبراهيم",
        "اقتصاد",
        "الجهبذ",
        "بشير نجار",
        "ليلى عبدو",
        "الوتر الحساس"
    ]
}