{
    "type": "Youtube",
    "source_url": "https://youtube.com/watch?v=7gVSgj7APtc",
    "title": "المُخبر الاقتصادي+ | لماذا لا يرغب أحد في زيارة إسرائيل؟ كيف انهارت السياحة الإسرائيلية؟",
    "categories": [
        "Entertainment"
    ],
    "publish_date": "2023-12-23T00:00:00Z",
    "length": "00:14:34",
    "author": "AJ+ كبريت",
    "keywords": [
        "أبو معيلق",
        "أشرف ابراهيم",
        "أمريكا",
        "إسرائيل",
        "القنابل الغبية",
        "القنابل الموجههة",
        "المخبر الاقتصادي",
        "المقاومة",
        "النجار",
        "بوينج",
        "جو بايدن",
        "حماس",
        "سلاح الجو",
        "طوفان الأقصى",
        "قطاع غزة",
        "نتنياهو",
        "وزارة الدفاع الأمريكية",
        "الدحيح",
        "AJ+ عربي",
        "Eldahih السليط",
        "معنى و زيادة",
        "السليط الاخباري",
        "نيكولاس خوري",
        "احمد الغندور",
        "AJ+ الدحيح",
        "AJ+ كبريت",
        "UC-4Kn",
        "برامج AJ+",
        "برنامج الدحيح الجديد",
        "elda7ee7",
        "elda7ee7 aj+",
        "AJ+",
        "مع تميم",
        "تميم البرغوثي",
        "AJ+ مع تميم",
        "أشرف إبراهيم",
        "اقتصاد",
        "الجهبذ",
        "ليلى عبدو"
    ]
}