{
    "type": "Youtube",
    "source_url": "https://youtube.com/watch?v=Z6X5Utz2Ctk",
    "title": "المُخبر الاقتصادي+ | لماذا تصر بعض الدول على تأسيس صناديق ثروة سيادية؟ وكيف تُدار ثروات الدول؟",
    "categories": [
        "Entertainment"
    ],
    "publish_date": "2022-08-20T00:00:00Z",
    "length": "00:17:55",
    "author": "AJ+ كبريت",
    "keywords": [
        "ثروة",
        "أثرياء",
        "كيف تصبح ثرياً؟",
        "عالم الأثرياء",
        "فلوس",
        "دول الخليج",
        "ثروات باطنية",
        "أوروبا",
        "أمريكا",
        "عرب أثرياء"
    ]
}