{
    "type": "Youtube",
    "source_url": "https://youtube.com/watch?v=gkG_Qyncw7s",
    "title": "المُخبر الاقتصادي+ | كيف أجبرت أمريكا الصين على بيع تطبيق تيكتوك لها أو تدميره؟ هل تبيع الصين؟",
    "categories": [
        "Entertainment"
    ],
    "publish_date": "2024-05-28T00:00:00Z",
    "length": "00:18:23",
    "author": "AJ+ كبريت",
    "keywords": [
        "إسرائيل",
        "اشرف ابراهيم",
        "التطبيق الصيني",
        "الصين",
        "المخبر الاقتصادي",
        "بايت دانس الصينية",
        "تيكتوك",
        "جامعات أمريكا",
        "جو بايدن",
        "حظر تيك توك",
        "دونالد ترمب",
        "شي جين بينغ",
        "غزة",
        "فلسطين",
        "فيسبوك",
        "قانون حماية الأمريكيين من التطبيقات الخاضعة للسيطرة الأجنبية",
        "مارك زوكربيج",
        "مجلس الشيوخ",
        "مجلس النواب",
        "مظاهرات الامعات الأمريكية",
        "الدحيح",
        "AJ+ عربي",
        "السليط الاخباري",
        "نيكولاس خوري",
        "احمد الغندور",
        "AJ+ كبريت",
        "UC-4Kn",
        "elda7ee7",
        "مع تميم",
        "تميم البرغوثي",
        "أشرف إبراهيم",
        "اقتصاد",
        "الجهبذ",
        "بشير نجار",
        "ليلى عبدو",
        "الوتر الحساس"
    ]
}