{
    "type": "Youtube",
    "source_url": "https://youtube.com/watch?v=3HSgJeOZGj0",
    "title": "المُخبر الاقتصادي+ | لماذا ألغت أمريكا قاعدة تحويل الدولار إلى ذهب؟ كيف خدعت العالم لتنقذ نفسها؟",
    "categories": [
        "Entertainment"
    ],
    "publish_date": "2023-04-22T00:00:00Z",
    "length": "00:23:13",
    "author": "AJ+ كبريت",
    "keywords": [
        "اقتصاد",
        "طباعة",
        "دولار",
        "أموال",
        "ذهب",
        "فضة",
        "استثمار",
        "أمريكا",
        "قوة اقتصادية",
        "الخليج",
        "عرب"
    ]
}