{
    "type": "Youtube",
    "source_url": "https://youtube.com/watch?v=zXg1MaKfM0Y",
    "title": "المخبر الاقتصادي+ | كيف يتعامل الفقراء مع المال؟ وهل الغني أذكى من الفقير؟",
    "categories": [
        "Entertainment"
    ],
    "publish_date": "2023-07-29T00:00:00Z",
    "length": "00:15:30",
    "author": "AJ+ كبريت",
    "keywords": [
        "AJ+",
        "AJ+ الدحيح",
        "AJ+ عربي",
        "AJ+ كبريت",
        "AJ+ مع تميم",
        "Eldahih السليط",
        "UC-4Kn",
        "elda7ee7",
        "elda7ee7 aj+",
        "أشرف إبراهيم",
        "احمد الغندور",
        "اقتصاد",
        "الإدارة المالية",
        "الجهبذ",
        "الدحيح",
        "الدحيح رمضان",
        "السليط الاخباري",
        "السليط الاخباري الموسم الرابع",
        "المخبر الاقتصادي",
        "المخبر الاقتصادي+",
        "الوتر الحساس",
        "برامج AJ+",
        "برنامج الدحيح الجديد",
        "تميم البرغوثي",
        "كيف يفكر الفقراء",
        "ليلى عبدو",
        "مع تميم",
        "نيكولاس خوري",
        "نيكولاس خوري السليط الاخباري",
        "الفقراء",
        "الفقر والغنى",
        "كيف تصبح غنياً",
        "أسرع طريق للثراء",
        "الفقر"
    ]
}