{
    "type": "Youtube",
    "source_url": "https://youtube.com/watch?v=nJERF1hNp70",
    "title": "المُخبر الاقتصادي+ | لماذا تخاف إسرائيل من سحب أغنى جامعات أمريكا لأموالها؟ هل ينتصر الطلاب عليها؟",
    "categories": [
        "Entertainment"
    ],
    "publish_date": "2024-05-04T00:00:00Z",
    "length": "00:20:34",
    "author": "AJ+ كبريت",
    "keywords": [
        "أشرف إبراهيم",
        "إسرائيل",
        "الاستثمارات الأمريكية",
        "الانتفاضة الفلسطينية",
        "الفصل العنصري",
        "المخبر الاقتصادي",
        "الولايات المتحدة الأمريكية",
        "بنيامين نتنياهو",
        "ثورة الطلاب",
        "جامعة كولومبيا",
        "جنوب افريقيا",
        "جو بايدن",
        "جيش الاحتلال",
        "غزة",
        "فلسطين",
        "لي بولنغر",
        "مظاهرات الطلبة",
        "نعمت شفيق"
    ]
}