{
    "type": "Youtube",
    "source_url": "https://youtube.com/watch?v=58N6gxTYmfE",
    "title": "المُخبر الاقتصادي+ | لماذا تخاف أمريكا من تيكتوك؟ ولماذا ترفض الصين بيع التطبيق بأي ثمن؟",
    "categories": [
        "Entertainment"
    ],
    "publish_date": "2022-11-26T00:00:00Z",
    "length": "00:19:14",
    "author": "AJ+ كبريت",
    "keywords": [
        "أمريكا",
        "الصين",
        "المخبر الاقتصادي",
        "ترمب",
        "تطبيق",
        "تيك توك",
        "تيكتوك",
        "دونالد ترمب",
        "سناب شات",
        "فيسبوك",
        "ميتا",
        "واشنطن"
    ]
}