{
    "type": "Youtube",
    "source_url": "https://youtube.com/watch?v=o3r60nX1C8k",
    "title": "المُخبر الاقتصادي + | كيف تخطط أمريكا لمنع تطور قطاع التكنولوجيا الصيني؟ ومن يجرؤ على تحدي الصين؟",
    "categories": [
        "Entertainment"
    ],
    "publish_date": "2022-09-27T00:00:00Z",
    "length": "00:14:52",
    "author": "AJ+ كبريت",
    "keywords": [
        "AMD",
        "APPLE",
        "CHINA",
        "NVDA",
        "QCOM",
        "SEC",
        "USA",
        "أمريكا",
        "اقتصاد",
        "الصين",
        "تايوان",
        "تكنولوجيا",
        "حرب تجارية",
        "رقائق الكترونية",
        "كوريا الجنوبية",
        "مال وأعمال",
        "مستقبل"
    ]
}