{
    "type": "Youtube",
    "source_url": "https://youtube.com/watch?v=6cw39xUVyQI",
    "title": "المخبر الاقتصادي+ | كيف استطاع الأغنياء اليهود إسقاط رئيسة أغنى جامعة في العالم؟",
    "categories": [
        "Entertainment"
    ],
    "publish_date": "2024-01-27T00:00:00Z",
    "length": "00:22:47",
    "author": "AJ+ كبريت",
    "keywords": [
        "إسرائيل",
        "بيل أكمان",
        "جامعة هارفارد",
        "حرب غزة",
        "كلودين جاي",
        "مقاطعة",
        "الدحيح",
        "AJ+ عربي",
        "Eldahih السليط",
        "معنى و زيادة",
        "السليط الاخباري",
        "نيكولاس خوري",
        "احمد الغندور",
        "AJ+ الدحيح",
        "AJ+ كبريت",
        "UC-4Kn",
        "السليط الاخباري الموسم الرابع",
        "نيكولاس خوري السليط الاخباري",
        "برامج AJ+",
        "برنامج الدحيح الجديد",
        "الدحيح رمضان",
        "elda7ee7",
        "elda7ee7 aj+",
        "AJ+",
        "مع تميم",
        "تميم البرغوثي",
        "AJ+ مع تميم",
        "المخبر الاقتصادي",
        "أشرف إبراهيم",
        "اقتصاد",
        "الجهبذ",
        "بشير نجار",
        "ليلى عبدو",
        "الوتر الحساس"
    ]
}