{
    "type": "Youtube",
    "source_url": "https://youtube.com/watch?v=VhDU3HJYmpE",
    "title": "المُخبر الاقتصادي+ | كيف تسعى أمريكا لبناء هذا المصنع بسرعة قبل غزو الصين لتايوان؟",
    "categories": [
        "Entertainment"
    ],
    "publish_date": "2024-03-05T00:00:00Z",
    "length": "00:16:04",
    "author": "AJ+ كبريت",
    "keywords": [
        "ألمانيا",
        "أمريكا",
        "اشرف ابراهيم",
        "التكنولوجيا",
        "الدولار",
        "الرقائق الالكترونية",
        "الشرائح الالكترونية",
        "الصين",
        "العمالة",
        "المخبر الاقتصادي",
        "اليورو",
        "تايوان",
        "تي اس ام سي",
        "جو بايدن",
        "دونالد ترامب",
        "نانسي بيلوسي",
        "الدحيح",
        "AJ+ عربي",
        "Eldahih السليط",
        "معنى و زيادة",
        "السليط الاخباري",
        "نيكولاس خوري",
        "احمد الغندور",
        "AJ+ كبريت",
        "UC-4Kn",
        "برامج AJ+",
        "برنامج الدحيح الجديد",
        "الدحيح رمضان",
        "elda7ee7",
        "elda7ee7 aj+",
        "AJ+",
        "مع تميم",
        "تميم البرغوثي",
        "AJ+ مع تميم",
        "أشرف إبراهيم",
        "اقتصاد",
        "الجهبذ",
        "بشير نجار",
        "ليلى عبدو",
        "الوتر الحساس"
    ]
}