{
    "type": "Youtube",
    "source_url": "https://youtube.com/watch?v=tuR91Vb-ob8",
    "title": "المخبر الاقتصادي+ | هل يستطيع بوتين تحدي فرنسا وحماية أصغر زعيم في أفريقيا؟",
    "categories": [
        "Entertainment"
    ],
    "publish_date": "2023-08-15T00:00:00Z",
    "length": "00:22:34",
    "author": "AJ+ كبريت",
    "keywords": [
        "أفريقيا",
        "الفرنك الأفريقي",
        "بوركينا فاسو",
        "توماس سانكارا",
        "روسيا",
        "فرنسا",
        "الدحيح",
        "AJ+ عربي",
        "Eldahih السليط",
        "معنى و زيادة",
        "السليط الاخباري",
        "نيكولاس خوري",
        "احمد الغندور",
        "AJ+ الدحيح",
        "AJ+ كبريت",
        "UC-4Kn",
        "السليط الاخباري الموسم الرابع",
        "نيكولاس خوري السليط الاخباري",
        "برامج AJ+",
        "برنامج الدحيح الجديد",
        "الدحيح رمضان",
        "elda7ee7",
        "elda7ee7 aj+",
        "AJ+",
        "مع تميم",
        "تميم البرغوثي",
        "AJ+ مع تميم",
        "المخبر الاقتصادي",
        "أشرف إبراهيم",
        "اقتصاد",
        "الجهبذ",
        "بشير نجار",
        "ليلى عبدو",
        "الوتر الحساس"
    ]
}