{
    "type": "Youtube",
    "source_url": "https://youtube.com/watch?v=piFn2ykt42E",
    "title": "المُخبر الاقتصادي+ | لماذا تخاف أمريكا من رد بوتين على الضربات القاسية لروسيا؟",
    "categories": [
        "Entertainment"
    ],
    "publish_date": "2024-03-26T00:00:00Z",
    "length": "00:15:50",
    "author": "AJ+ كبريت",
    "keywords": [
        "أسعار النفط",
        "ارتفاع الأسعار",
        "اشرف ابراهيم",
        "الانتخابات الأمريكية",
        "الحرب الروسية الاوكرانية",
        "المخبر الاقتصادي",
        "النفط الروسي",
        "الولايات المتحدة الأمريكية",
        "اوكرانيا",
        "جو بايدن",
        "خام برنت",
        "روسيا",
        "طائرات الدرون",
        "فلاديمير بوتين",
        "فلودومير زيلينسكي",
        "كراسنودار",
        "موسكو. كييف",
        "الدحيح",
        "AJ+ عربي",
        "Eldahih السليط",
        "معنى و زيادة",
        "السليط الاخباري",
        "نيكولاس خوري",
        "احمد الغندور",
        "AJ+ الدحيح",
        "AJ+ كبريت",
        "UC-4Kn",
        "برامج AJ+",
        "AJ+",
        "أشرف إبراهيم",
        "اقتصاد",
        "الجهبذ",
        "بشير نجار",
        "ليلى عبدو",
        "الوتر الحساس"
    ]
}