{
    "type": "Youtube",
    "source_url": "https://youtube.com/watch?v=6Z-ehR6iKtc",
    "title": "المُخبر الاقتصادي+ | لماذا يكره الفرنسيون الدولار الأمريكي؟ هل حاولت فرنسا تدمير الدولار؟",
    "categories": [
        "Entertainment"
    ],
    "publish_date": "2023-07-01T00:00:00Z",
    "length": "00:15:46",
    "author": "AJ+ كبريت",
    "keywords": [
        "فرنسا",
        "أمريكا",
        "الدولار",
        "ذهب",
        "مساعدة",
        "الدحيح",
        "AJ+ عربي",
        "Eldahih السليط",
        "معنى و زيادة",
        "السليط الاخباري",
        "نيكولاس خوري",
        "احمد الغندور",
        "AJ+ الدحيح",
        "AJ+ كبريت",
        "UC-4Kn",
        "السليط الاخباري الموسم الرابع",
        "نيكولاس خوري السليط الاخباري",
        "برامج AJ+",
        "برنامج الدحيح الجديد",
        "الدحيح رمضان",
        "elda7ee7",
        "elda7ee7 aj+",
        "AJ+",
        "مع تميم",
        "تميم البرغوثي",
        "AJ+ مع تميم",
        "المخبر الاقتصادي",
        "أشرف إبراهيم",
        "اقتصاد",
        "الجهبذ",
        "بشير نجار",
        "ليلى عبدو",
        "الوتر الحساس"
    ]
}