{
    "type": "Youtube",
    "source_url": "https://youtube.com/watch?v=_PUQ5fuXOxY",
    "title": "المُخبر الاقتصادي+ | لماذا هدد الإسرائيليون فرنسا بإفشاء السر الذي سيقاطعها العرب بسببه؟",
    "categories": [
        "Entertainment"
    ],
    "publish_date": "2023-10-28T00:00:00Z",
    "length": "00:18:23",
    "author": "AJ+ كبريت",
    "keywords": [
        "فرنسا",
        "إسرائيل",
        "طوفان الأقصى",
        "حرب على غزة",
        "فلسطين",
        "عرب",
        "نكبة",
        "ماكرون",
        "الرئيس الفرنسي",
        "مصر",
        "لبنان",
        "الضفة الغربية",
        "غلاف غزة",
        "غزة تحت القصف"
    ]
}