{
    "type": "Youtube",
    "source_url": "https://youtube.com/watch?v=cVuqpGyO9wI",
    "title": "المُخبر الاقتصادي+ | كيف يخطط مؤسس \"بي واي دي\" الصينية للسيطرة على صناعة السيارات في العالم؟",
    "categories": [
        "Entertainment"
    ],
    "publish_date": "2023-02-14T00:00:00Z",
    "length": "00:14:45",
    "author": "AJ+ كبريت",
    "keywords": [
        "سيارات",
        "الدحيح",
        "AJ+ عربي",
        "Eldahih السليط",
        "معنى و زيادة",
        "السليط الاخباري",
        "نيكولاس خوري",
        "احمد الغندور",
        "AJ+ الدحيح",
        "AJ+ كبريت",
        "UC-4Kn",
        "السليط الاخباري الموسم الرابع",
        "نيكولاس خوري السليط الاخباري",
        "برامج AJ+",
        "برنامج الدحيح الجديد",
        "الدحيح رمضان",
        "elda7ee7",
        "elda7ee7 aj+",
        "AJ+",
        "مع تميم",
        "تميم البرغوثي",
        "AJ+ مع تميم",
        "المخبر الاقتصادي",
        "أشرف إبراهيم",
        "اقتصاد",
        "الجهبذ",
        "بشير نجار",
        "ليلى عبدو",
        "الوتر الحساس",
        "صناعة",
        "تسلا",
        "إيلون ماسك",
        "الصين",
        "ذكاء",
        "مصانع",
        "ألمانيا",
        "الولايات المتحدة"
    ]
}