{
    "type": "Youtube",
    "source_url": "https://youtube.com/watch?v=TLrH2Z8oDAA",
    "title": "المُخبر الاقتصادي+ | لماذا يكره الفرنسيون خطة ماكرون ويرفضون العمل مثل الألمان لنهاية العمر؟",
    "categories": [
        "Entertainment"
    ],
    "publish_date": "2023-02-21T00:00:00Z",
    "length": "00:18:28",
    "author": "AJ+ كبريت",
    "keywords": [
        "فرنسا",
        "الدحيح",
        "AJ+ عربي",
        "Eldahih السليط",
        "معنى و زيادة",
        "السليط الاخباري",
        "نيكولاس خوري",
        "احمد الغندور",
        "AJ+ الدحيح",
        "AJ+ كبريت",
        "UC-4Kn",
        "السليط الاخباري الموسم الرابع",
        "نيكولاس خوري السليط الاخباري",
        "برامج AJ+",
        "برنامج الدحيح الجديد",
        "الدحيح رمضان",
        "elda7ee7",
        "elda7ee7 aj+",
        "AJ+",
        "مع تميم",
        "تميم البرغوثي",
        "AJ+ مع تميم",
        "المخبر الاقتصادي",
        "أشرف إبراهيم",
        "اقتصاد",
        "الجهبذ",
        "بشير نجار",
        "ليلى عبدو",
        "الوتر الحساس",
        "تقاعد",
        "راتب",
        "إفلاس",
        "عمل",
        "إلمانيا"
    ]
}