{
    "type": "Youtube",
    "source_url": "https://youtube.com/watch?v=tWzK5DO64hs",
    "title": "فيلم قصير|| القسط وبطاقة الائتمان!.. لا تقع في هذا الفخ!",
    "categories": [
        "Entertainment"
    ],
    "publish_date": "2024-02-23T00:00:00Z",
    "length": "00:07:10",
    "author": "المخبر الاقتصادي - Mokhbir Eqtisadi",
    "keywords": [
        "المخبر الاقتصادي",
        "اخبار الاقتصاد",
        "اسعار العملات",
        "الدحيح",
        "AJ+",
        "الدولار",
        "الجنيه المصري",
        "الدولار في مصر",
        "التعويم",
        "أسعار الفائدة",
        "أسعار الذهب اليوم",
        "سعر الدولار في السوق السوداء",
        "المُخبر الاقتصادي+",
        "المُخبر الاقتصادي aj+",
        "المُخبر الاقتصادي",
        "التضخم",
        "الازمة الاقتصادية",
        "inflation",
        "ارتفاع الأسعار",
        "الاستثمار",
        "الاستثمار الدحيح",
        "الاستثمار في الذهب",
        "الاستثمار في الاسهم",
        "الديون",
        "التقسيط",
        "الأقساط حرام ام حلال"
    ]
}