{
    "type": "Youtube",
    "source_url": "https://youtube.com/watch?v=A0VKXoGwnwg",
    "title": "كيف ضاع حلم الفقراء الذين تمنوا أن يصبح بلدهم غنياً مثل السعودية بعد تعرضهم للنصب؟",
    "categories": [
        "Entertainment"
    ],
    "publish_date": "2022-12-10T00:00:00Z",
    "length": "00:20:13",
    "author": "AJ+ كبريت",
    "keywords": [
        "أفريقيا",
        "أمريكا",
        "إكسون",
        "إكسون موبيل",
        "البنك الدولي",
        "تشاد",
        "تنقيب",
        "غاز",
        "نفط أفريقيا",
        "الدحيح",
        "AJ+ عربي",
        "Eldahih السليط",
        "معنى و زيادة",
        "السليط الاخباري",
        "نيكولاس خوري",
        "احمد الغندور",
        "AJ+ الدحيح",
        "AJ+ كبريت",
        "UC-4Kn",
        "السليط الاخباري الموسم الرابع",
        "نيكولاس خوري السليط الاخباري",
        "برامج AJ+",
        "برنامج الدحيح الجديد",
        "الدحيح رمضان",
        "elda7ee7",
        "elda7ee7 aj+",
        "AJ+",
        "مع تميم",
        "تميم البرغوثي",
        "AJ+ مع تميم",
        "المخبر الاقتصادي",
        "أشرف إبراهيم",
        "اقتصاد",
        "الجهبذ",
        "بشير نجار",
        "ليلى عبدو",
        "الوتر الحساس"
    ]
}